,Pruebas,coef(a)_6am-MLP,rsquared_6am-MLP,Standard Error_6am-MLP,coef(b)_6am-MLP,coef(a)_Acu-6am-MLP,rsquared_Acu-6am-MLP,Standard Error_Acu-6am-MLP,coef(b)_Acu-6am-MLP,coef(a)_6am-Beysens,rsquared_6am-Beysens,Standard Error_6am-Beysens,coef(b)_6am-Beysens,coef(a)_Acu-6am-Beysens,rsquared_Acu-6am-Beysens,Standard Error_Acu-6am-Beysens,coef(b)_Acu-6am-Beysens,coef(a)_Beysens-PM,rsquared_Beysens-PM,Standard Error_Beysens-PM,coef(b)_Beysens-PM,coef(a)_Acu-Beysens-PM,rsquared_Acu-Beysens-PM,Standard Error_Acu-Beysens-PM,coef(b)_Acu-Beysens-PM,coef(a)_MLP-PM,rsquared_MLP-PM,Standard Error_MLP-PM,coef(b)_MLP-PM,coef(a)_Acu-MLP-PM,rsquared_Acu-MLP-PM,Standard Error_Acu-MLP-PM,coef(b)_Acu-MLP-PM
0,1.0,0.5445473134395122,0.31091098898276426,0.07339650010377484,0.015550534297994151,1.1936835611762038,0.9800728333657936,0.015410009182676897,-0.3574727209513543,0.6516281176257962,0.2914929648099497,0.09197672574003367,0.01997952177022736,1.3902669065448297,0.9495389305770875,0.029016171351632855,-0.30735344397292996,0.0010818968332324686,0.0035982531387032113,0.0016299613931499554,0.00010295983769716085,0.1249562673459716,0.7097297512271499,0.007234905875667987,-0.1276464476239017,0.39641219678672185,0.1034192185927808,0.10567231586091756,0.019265283692879685,1.1063380064238384,0.9241839319039737,0.028688598873370923,-0.4735510578430585
