,Pruebas,coef(a)_6am-MLP,rsquared_6am-MLP,Standard Error_6am-MLP,coef(b)_6am-MLP,coef(a)_Acu-6am-MLP,rsquared_Acu-6am-MLP,Standard Error_Acu-6am-MLP,coef(b)_Acu-6am-MLP,coef(a)_6am-Beysens,rsquared_6am-Beysens,Standard Error_6am-Beysens,coef(b)_6am-Beysens,coef(a)_Acu-6am-Beysens,rsquared_Acu-6am-Beysens,Standard Error_Acu-6am-Beysens,coef(b)_Acu-6am-Beysens,coef(a)_Beysens-PM,rsquared_Beysens-PM,Standard Error_Beysens-PM,coef(b)_Beysens-PM,coef(a)_Acu-Beysens-PM,rsquared_Acu-Beysens-PM,Standard Error_Acu-Beysens-PM,coef(b)_Acu-Beysens-PM,coef(a)_MLP-PM,rsquared_MLP-PM,Standard Error_MLP-PM,coef(b)_MLP-PM,coef(a)_Acu-MLP-PM,rsquared_Acu-MLP-PM,Standard Error_Acu-MLP-PM,coef(b)_Acu-MLP-PM
0,1.0,0.39715390589527255,0.2394782053525154,0.06407694145956674,0.01661534092747828,0.886582987830383,0.988819839621327,0.008535027210950204,0.11440735120540657,0.5649265595102915,0.31200293502306964,0.07594969442549632,0.011790709181493237,0.9208948804972702,0.9647563512361197,0.015935355345655926,0.1828626023390856,0.00020420579975989275,0.00022343022479254238,0.0012367122804356975,0.0011488709550368668,0.07612206604538246,0.8726841807328353,0.002632347887355478,-0.04145642608149423,0.569564848700963,0.3001834516047128,0.07873393500642994,0.020887530323676653,1.2802724475484402,0.9840306783740012,0.014765950201871733,0.1723610418219005
