,Pruebas,coef(a)_6am-MLP,rsquared_6am-MLP,Standard Error_6am-MLP,coef(b)_6am-MLP,coef(a)_Acu-6am-MLP,rsquared_Acu-6am-MLP,Standard Error_Acu-6am-MLP,coef(b)_Acu-6am-MLP,coef(a)_6am-Beysens,rsquared_6am-Beysens,Standard Error_6am-Beysens,coef(b)_6am-Beysens,coef(a)_Acu-6am-Beysens,rsquared_Acu-6am-Beysens,Standard Error_Acu-6am-Beysens,coef(b)_Acu-6am-Beysens,coef(a)_Beysens-PM,rsquared_Beysens-PM,Standard Error_Beysens-PM,coef(b)_Beysens-PM,coef(a)_Acu-Beysens-PM,rsquared_Acu-Beysens-PM,Standard Error_Acu-Beysens-PM,coef(b)_Acu-Beysens-PM,coef(a)_MLP-PM,rsquared_MLP-PM,Standard Error_MLP-PM,coef(b)_MLP-PM,coef(a)_Acu-MLP-PM,rsquared_Acu-MLP-PM,Standard Error_Acu-MLP-PM,coef(b)_Acu-MLP-PM
0,1.0,-5.811323644522304e-17,-inf,2.2882948872095636e-17,0.030510455369949327,0.9668099403199087,0.9430301959812115,0.021513979749494285,0.3854051742157595,0.7508718776813783,0.35505772871645647,0.09162138652981401,0.015222692997689058,1.160585401323949,0.971097425551831,0.018127338764263697,0.605711829108708,-0.0017856529788743284,0.004522987907508491,0.002398391364193792,0.008721240067231167,0.10977159723825114,0.571818775405835,0.008599925173555236,0.2879595643962581,0.33248574203645453,0.30880349558472153,0.04503526755218358,0.021024324959083972,1.0388745744337906,0.9870396172602823,0.010777668537197905,0.1345168603864009
