,Pruebas,coef(a)_6am-MLP,rsquared_6am-MLP,Standard Error_6am-MLP,coef(b)_6am-MLP,coef(a)_Acu-6am-MLP,rsquared_Acu-6am-MLP,Standard Error_Acu-6am-MLP,coef(b)_Acu-6am-MLP,coef(a)_6am-Beysens,rsquared_6am-Beysens,Standard Error_6am-Beysens,coef(b)_6am-Beysens,coef(a)_Acu-6am-Beysens,rsquared_Acu-6am-Beysens,Standard Error_Acu-6am-Beysens,coef(b)_Acu-6am-Beysens,coef(a)_Beysens-PM,rsquared_Beysens-PM,Standard Error_Beysens-PM,coef(b)_Beysens-PM,coef(a)_Acu-Beysens-PM,rsquared_Acu-Beysens-PM,Standard Error_Acu-Beysens-PM,coef(b)_Acu-Beysens-PM,coef(a)_MLP-PM,rsquared_MLP-PM,Standard Error_MLP-PM,coef(b)_MLP-PM,coef(a)_Acu-MLP-PM,rsquared_Acu-MLP-PM,Standard Error_Acu-MLP-PM,coef(b)_Acu-MLP-PM
0,1.0,0.485886701416174,0.39310598200785785,0.05465837355741809,0.020923342696510798,1.1765549357319303,0.9902718881972702,0.010557700683776055,-0.2764504433236574,0.7336702382360185,0.4255640292560168,0.07717192689890169,0.01535180667960389,1.221147329692732,0.9935383026135653,0.00891598130451092,-0.055503352222345384,-0.0016782198612744327,0.00480921666037637,0.0021856717669104047,0.009179007807227711,0.2083760787021367,0.877326013906337,0.0070544584658422905,-0.07212092984571943,0.3634667058276611,0.2732021026476531,0.0536722174752501,0.024210222203154837,1.2205310033305374,0.9787491072020607,0.016282526764420213,-0.3440669832361511
