,Pruebas,coef(a)_6am-MLP,rsquared_6am-MLP,Standard Error_6am-MLP,coef(b)_6am-MLP,coef(a)_Acu-6am-MLP,rsquared_Acu-6am-MLP,Standard Error_Acu-6am-MLP,coef(b)_Acu-6am-MLP,coef(a)_6am-Beysens,rsquared_6am-Beysens,Standard Error_6am-Beysens,coef(b)_6am-Beysens,coef(a)_Acu-6am-Beysens,rsquared_Acu-6am-Beysens,Standard Error_Acu-6am-Beysens,coef(b)_Acu-6am-Beysens,coef(a)_Beysens-PM,rsquared_Beysens-PM,Standard Error_Beysens-PM,coef(b)_Beysens-PM,coef(a)_Acu-Beysens-PM,rsquared_Acu-Beysens-PM,Standard Error_Acu-Beysens-PM,coef(b)_Acu-Beysens-PM,coef(a)_MLP-PM,rsquared_MLP-PM,Standard Error_MLP-PM,coef(b)_MLP-PM,coef(a)_Acu-MLP-PM,rsquared_Acu-MLP-PM,Standard Error_Acu-MLP-PM,coef(b)_Acu-MLP-PM,coef(a)_6a-MLP-LM,rsquared_6a-MLP-LM,Standard Error_6a-MLP-LM,coef(b)_6a-MLP-LM,coef(a)_Acu-6am-MLP-LM,rsquared_Acu-6am-MLP-LM,Standard Error_Acu-6am-MLP-LM,coef(b)_Acu-6am-MLP-LM,coef(a)_Pd-MLP-LM,rsquared_Pd-MLP-LM,Standard Error_Pd-MLP-LM,coef(b)_Pd-MLP-LM,coef(a)_Acu-Pd-MLP-LM,rsquared_Acu-Pd-MLP-LM,Standard Error_Acu-Pd-MLP-LM,coef(b)_Acu-Pd-MLP-LM
0,6.0,0.339410340863921,0.3234751077985686,0.044439236700779566,0.025518402904262556,1.529409508258176,0.9357295946581321,0.03628893357692555,-1.0559764349391272,0.7029666769427316,0.41742952286705326,0.07518608622898616,0.013393230811354191,1.3980483549832585,0.9671965392475177,0.023310132521526288,-0.7039542303424384,-0.0034990545675963164,0.01635397416213835,0.002456849576964606,0.010541673574857115,0.1548174289257247,0.8524900321555693,0.005830502216653167,0.03169084297793728,0.24967740979220407,0.26513091965904056,0.03763346093579762,0.0307312866752802,1.6563764960947887,0.9579854508375162,0.03140505363272594,-0.8618776281419628,0.26015721339915576,0.2711757574116326,0.03861374337243861,0.0297794881494456,1.1910426886472874,0.9941415017876647,0.005901885169409629,0.04810323106856021,0.35837104222688637,0.3563812817268467,0.04360234840955307,0.024151509920113435,1.474001007338034,0.9392823193282236,0.03392949368704068,-0.988537860212118
