,Pruebas,coef(a)_6am-MLP,rsquared_6am-MLP,Standard Error_6am-MLP,coef(b)_6am-MLP,coef(a)_Acu-6am-MLP,rsquared_Acu-6am-MLP,Standard Error_Acu-6am-MLP,coef(b)_Acu-6am-MLP,coef(a)_6am-Beysens,rsquared_6am-Beysens,Standard Error_6am-Beysens,coef(b)_6am-Beysens,coef(a)_Acu-6am-Beysens,rsquared_Acu-6am-Beysens,Standard Error_Acu-6am-Beysens,coef(b)_Acu-6am-Beysens,coef(a)_Beysens-PM,rsquared_Beysens-PM,Standard Error_Beysens-PM,coef(b)_Beysens-PM,coef(a)_Acu-Beysens-PM,rsquared_Acu-Beysens-PM,Standard Error_Acu-Beysens-PM,coef(b)_Acu-Beysens-PM,coef(a)_MLP-PM,rsquared_MLP-PM,Standard Error_MLP-PM,coef(b)_MLP-PM,coef(a)_Acu-MLP-PM,rsquared_Acu-MLP-PM,Standard Error_Acu-MLP-PM,coef(b)_Acu-MLP-PM,coef(a)_Pd-MLP-LM,rsquared_Pd-MLP-LM,Standard Error_Pd-MLP-LM,coef(b)_Pd-MLP-LM,coef(a)_Acu-Pd-MLP-LM,rsquared_Acu-Pd-MLP-LM,Standard Error_Acu-Pd-MLP-LM,coef(b)_Acu-Pd-MLP-LM,coef(a)_6am-MLP-LM,rsquared_6am-MLP-LM,Standard Error_6am-MLP-LM,coef(b)_6am-MLP-LM,coef(a)_Acu-6am-MLP-LM,rsquared_Acu-6am-MLP-LM,Standard Error_Acu-6am-MLP-LM,coef(b)_Acu-6am-MLP-LM
0,7.0,0.41064180350374335,0.29405093705835395,0.05760480080761937,0.026796370204344076,1.461903481299896,0.9705346470189387,0.02306158149399783,0.5333760846714423,0.7296311491216004,0.318935515351645,0.09653084911793326,0.010714669635222149,1.182259525116644,0.9872866555830634,0.012146221008790882,0.0198644928766527,-0.0009318249971949964,0.002505250458504027,0.0016833878000065703,0.0034066998358524823,0.066200082524838,0.5051945188005285,0.005931527543932124,0.10638630341732372,0.183904734056084,0.0829642245932406,0.055355503244059405,0.03530237277863013,1.4530532562666703,0.9455999389223105,0.031553503919046016,0.6946357729486222,0.21205830174147985,0.12243156612187134,0.05140071541591247,0.03463563961353111,1.0635954336036004,0.995460449257325,0.0046362332355381255,0.7258853048339552,0.39220682564423875,0.3291553612769277,0.05069274074021965,0.0229115281476601,1.2963272091449753,0.9726604146410597,0.019676600165383678,0.41867889165230365
