,Pruebas,coef(a)_6am-MLP,rsquared_6am-MLP,Standard Error_6am-MLP,coef(b)_6am-MLP,coef(a)_Acu-6am-MLP,rsquared_Acu-6am-MLP,Standard Error_Acu-6am-MLP,coef(b)_Acu-6am-MLP,coef(a)_6am-Beysens,rsquared_6am-Beysens,Standard Error_6am-Beysens,coef(b)_6am-Beysens,coef(a)_Acu-6am-Beysens,rsquared_Acu-6am-Beysens,Standard Error_Acu-6am-Beysens,coef(b)_Acu-6am-Beysens,coef(a)_Beysens-PM,rsquared_Beysens-PM,Standard Error_Beysens-PM,coef(b)_Beysens-PM,coef(a)_Acu-Beysens-PM,rsquared_Acu-Beysens-PM,Standard Error_Acu-Beysens-PM,coef(b)_Acu-Beysens-PM,coef(a)_MLP-PM,rsquared_MLP-PM,Standard Error_MLP-PM,coef(b)_MLP-PM,coef(a)_Acu-MLP-PM,rsquared_Acu-MLP-PM,Standard Error_Acu-MLP-PM,coef(b)_Acu-MLP-PM,coef(a)_Pd-MLP-LM,rsquared_Pd-MLP-LM,Standard Error_Pd-MLP-LM,coef(b)_Pd-MLP-LM,coef(a)_Acu-Pd-MLP-LM,rsquared_Acu-Pd-MLP-LM,Standard Error_Acu-Pd-MLP-LM,coef(b)_Acu-Pd-MLP-LM,coef(a)_6am-MLP-LM,rsquared_6am-MLP-LM,Standard Error_6am-MLP-LM,coef(b)_6am-MLP-LM,coef(a)_Acu-6am-MLP-LM,rsquared_Acu-6am-MLP-LM,Standard Error_Acu-6am-MLP-LM,coef(b)_Acu-6am-MLP-LM
0,3.0,0.6060338670219069,0.4161311978044777,0.06499193368051946,0.015663796208419307,1.201962668835216,0.9877592459426681,0.012114056601000204,-0.2108208425346894,0.752453277294494,0.3662606691114163,0.08961068785815324,0.014143398759350393,1.194501431261236,0.9749276877716531,0.017342741492582876,-0.18166898338728357,-0.0004017007120175238,0.00040039988188522724,0.001817141524077213,0.004780078747673698,0.09393200911932587,0.8191843447129541,0.003995405738827331,0.0680696537034316,0.23250197903525807,0.18808746406118138,0.043734228546003985,0.02545253274293493,1.0317825820201034,0.9885557844193935,0.010050801584488945,0.05237244830075989,0.2627358245254951,0.20699250526718127,0.04655868586748802,0.0233707810918363,1.054242538854941,0.9953640248022214,0.0046442383080098435,-0.03773232592895237,0.559571678747469,0.4146839307819413,0.06018835267413397,0.013566340989544292,1.0741059650711207,0.987665275239462,0.01086743504520222,-0.20368215101540574
