,Pruebas,coef(a)_6am-MLP,rsquared_6am-MLP,Standard Error_6am-MLP,coef(b)_6am-MLP,coef(a)_Acu-6am-MLP,rsquared_Acu-6am-MLP,Standard Error_Acu-6am-MLP,coef(b)_Acu-6am-MLP,coef(a)_6am-Beysens,rsquared_6am-Beysens,Standard Error_6am-Beysens,coef(b)_6am-Beysens,coef(a)_Acu-6am-Beysens,rsquared_Acu-6am-Beysens,Standard Error_Acu-6am-Beysens,coef(b)_Acu-6am-Beysens,coef(a)_Beysens-PM,rsquared_Beysens-PM,Standard Error_Beysens-PM,coef(b)_Beysens-PM,coef(a)_Acu-Beysens-PM,rsquared_Acu-Beysens-PM,Standard Error_Acu-Beysens-PM,coef(b)_Acu-Beysens-PM,coef(a)_MLP-PM,rsquared_MLP-PM,Standard Error_MLP-PM,coef(b)_MLP-PM,coef(a)_Acu-MLP-PM,rsquared_Acu-MLP-PM,Standard Error_Acu-MLP-PM,coef(b)_Acu-MLP-PM,coef(a)_6a-MLP-LM,rsquared_6a-MLP-LM,Standard Error_6a-MLP-LM,coef(b)_6a-MLP-LM,coef(a)_Acu-6am-MLP-LM,rsquared_Acu-6am-MLP-LM,Standard Error_Acu-6am-MLP-LM,coef(b)_Acu-6am-MLP-LM,coef(a)_Pd-MLP-LM,rsquared_Pd-MLP-LM,Standard Error_Pd-MLP-LM,coef(b)_Pd-MLP-LM,coef(a)_Acu-Pd-MLP-LM,rsquared_Acu-Pd-MLP-LM,Standard Error_Acu-Pd-MLP-LM,coef(b)_Acu-Pd-MLP-LM
0,1.0,0.38530546499872476,0.27204877578087794,0.05706278604702297,0.02767457378938535,1.4809515131397337,0.9790931814251198,0.019592636672475017,-0.1960722745734192,0.5707512622232211,0.2013975577093956,0.10289758510070102,0.020528657270272845,1.2441818075359257,0.9859886321940926,0.013427904515805935,0.19987486312740865,-0.0007851126874358857,0.0008663995411927194,0.002413819301253318,0.005080052010066756,0.0389309340427749,0.30669521362358465,0.005299361036906699,0.1933594362101677,0.26562230480758,0.14505912411412092,0.05838215548411359,0.03270644746615705,1.5080289793085337,0.989026387356019,0.014381382769734174,0.020092155587815033,0.2393125658401893,0.13589223858825972,0.05463515944212446,0.03309649039639984,1.3253619897524112,0.9923915063730163,0.007490946779773086,-0.4182048838107625,0.40370434353134177,0.3446022744505385,0.05040537782684235,0.025194589150027445,1.3767328590889893,0.982053859233913,0.016849524239699248,-0.13547743077693025
