,Pruebas,coef(a)_6am-MLP,rsquared_6am-MLP,Standard Error_6am-MLP,coef(b)_6am-MLP,coef(a)_Acu-6am-MLP,rsquared_Acu-6am-MLP,Standard Error_Acu-6am-MLP,coef(b)_Acu-6am-MLP,coef(a)_6am-Beysens,rsquared_6am-Beysens,Standard Error_6am-Beysens,coef(b)_6am-Beysens,coef(a)_Acu-6am-Beysens,rsquared_Acu-6am-Beysens,Standard Error_Acu-6am-Beysens,coef(b)_Acu-6am-Beysens,coef(a)_Beysens-PM,rsquared_Beysens-PM,Standard Error_Beysens-PM,coef(b)_Beysens-PM,coef(a)_Acu-Beysens-PM,rsquared_Acu-Beysens-PM,Standard Error_Acu-Beysens-PM,coef(b)_Acu-Beysens-PM,coef(a)_MLP-PM,rsquared_MLP-PM,Standard Error_MLP-PM,coef(b)_MLP-PM,coef(a)_Acu-MLP-PM,rsquared_Acu-MLP-PM,Standard Error_Acu-MLP-PM,coef(b)_Acu-MLP-PM
0,1.0,0.5721783170214342,0.3092850565489571,0.07741434679432264,0.020891063948743394,1.5870861086058348,0.9828532680080262,0.018978719723008207,0.027060408433862232,0.5812866424929548,0.20504270873984765,0.1036239543591379,0.016466813769776427,1.4662038804755462,0.9741917211817277,0.021605869715211785,-0.22303314719339326,0.002458373427315493,0.010682065681461794,0.002141944712113639,-1.7734545625250646e-05,0.16419550297131677,0.87515169187751,0.0056147575187448125,-0.08688922441743765,0.33235108523081974,0.24473256200560878,0.052859339188001286,0.019310750655323318,1.1784394227009027,0.9842941156586864,0.013477089081856197,0.05284541940406844
