,Pruebas,coef(a)_6am-MLP,rsquared_6am-MLP,Standard Error_6am-MLP,coef(b)_6am-MLP,coef(a)_Acu-6am-MLP,rsquared_Acu-6am-MLP,Standard Error_Acu-6am-MLP,coef(b)_Acu-6am-MLP,coef(a)_6am-Beysens,rsquared_6am-Beysens,Standard Error_6am-Beysens,coef(b)_6am-Beysens,coef(a)_Acu-6am-Beysens,rsquared_Acu-6am-Beysens,Standard Error_Acu-6am-Beysens,coef(b)_Acu-6am-Beysens,coef(a)_Beysens-PM,rsquared_Beysens-PM,Standard Error_Beysens-PM,coef(b)_Beysens-PM,coef(a)_Acu-Beysens-PM,rsquared_Acu-Beysens-PM,Standard Error_Acu-Beysens-PM,coef(b)_Acu-Beysens-PM,coef(a)_MLP-PM,rsquared_MLP-PM,Standard Error_MLP-PM,coef(b)_MLP-PM,coef(a)_Acu-MLP-PM,rsquared_Acu-MLP-PM,Standard Error_Acu-MLP-PM,coef(b)_Acu-MLP-PM
0,1.0,0.2593772886365826,0.10067931430627586,0.07018418185705856,0.024557177108810342,1.1070573653483708,0.954723990120572,0.021826563645047953,0.08246498733181003,0.6073647996390676,0.48400597108235033,0.056776246964985344,0.009181208838371766,0.8593576139864622,0.9807148489539996,0.010910236396918547,0.026073840343457,0.00019820634753609423,0.0018602787269839105,0.0004156658091282857,0.0004126653319075889,0.021850375993454577,0.8479008276532054,0.0008378569858189364,-0.001328418225091655,0.4085170726208505,0.19899418737813546,0.07420409785145707,0.020137815172724678,1.1312662434546792,0.9568726824019883,0.02174373049627468,-0.33261838083555173
