,Pruebas,coef(a)_6am-MLP,rsquared_6am-MLP,Standard Error_6am-MLP,coef(b)_6am-MLP,coef(a)_Acu-6am-MLP,rsquared_Acu-6am-MLP,Standard Error_Acu-6am-MLP,coef(b)_Acu-6am-MLP,coef(a)_6am-Beysens,rsquared_6am-Beysens,Standard Error_6am-Beysens,coef(b)_6am-Beysens,coef(a)_Acu-6am-Beysens,rsquared_Acu-6am-Beysens,Standard Error_Acu-6am-Beysens,coef(b)_Acu-6am-Beysens,coef(a)_Beysens-PM,rsquared_Beysens-PM,Standard Error_Beysens-PM,coef(b)_Beysens-PM,coef(a)_Acu-Beysens-PM,rsquared_Acu-Beysens-PM,Standard Error_Acu-Beysens-PM,coef(b)_Acu-Beysens-PM,coef(a)_MLP-PM,rsquared_MLP-PM,Standard Error_MLP-PM,coef(b)_MLP-PM,coef(a)_Acu-MLP-PM,rsquared_Acu-MLP-PM,Standard Error_Acu-MLP-PM,coef(b)_Acu-MLP-PM
0,1.0,0.33493502074518633,0.5239201525717587,0.028905998076326555,0.015647491161991114,0.8043273837296858,0.9735573784673661,0.012001192939322792,0.2300061128631589,0.6643651290709061,0.5041695117147496,0.05964928443542926,0.010408113469464913,0.9110984756683319,0.9875242838408436,0.009271377305635708,0.47938283423704986,0.000210726320905166,0.0005376397514135212,0.0008225767030495178,0.0014381671936387085,0.050411939306623986,0.8777341162167493,0.001703431388518672,0.019415885496232407,0.29816225332010565,0.2790248556536845,0.04339217443091448,0.02140022994146671,1.0252781588168813,0.9665574338643576,0.017266239250285934,0.17666749588566272
