,Pruebas,coef(a)_6am-MLP,rsquared_6am-MLP,Standard Error_6am-MLP,coef(b)_6am-MLP,coef(a)_Acu-6am-MLP,rsquared_Acu-6am-MLP,Standard Error_Acu-6am-MLP,coef(b)_Acu-6am-MLP,coef(a)_6am-Beysens,rsquared_6am-Beysens,Standard Error_6am-Beysens,coef(b)_6am-Beysens,coef(a)_Acu-6am-Beysens,rsquared_Acu-6am-Beysens,Standard Error_Acu-6am-Beysens,coef(b)_Acu-6am-Beysens,coef(a)_Beysens-PM,rsquared_Beysens-PM,Standard Error_Beysens-PM,coef(b)_Beysens-PM,coef(a)_Acu-Beysens-PM,rsquared_Acu-Beysens-PM,Standard Error_Acu-Beysens-PM,coef(b)_Acu-Beysens-PM,coef(a)_MLP-PM,rsquared_MLP-PM,Standard Error_MLP-PM,coef(b)_MLP-PM,coef(a)_Acu-MLP-PM,rsquared_Acu-MLP-PM,Standard Error_Acu-MLP-PM,coef(b)_Acu-MLP-PM,coef(a)_6a-MLP-LM,rsquared_6a-MLP-LM,Standard Error_6a-MLP-LM,coef(b)_6a-MLP-LM,coef(a)_Acu-6am-MLP-LM,rsquared_Acu-6am-MLP-LM,Standard Error_Acu-6am-MLP-LM,coef(b)_Acu-6am-MLP-LM,coef(a)_Pd-MLP-LM,rsquared_Pd-MLP-LM,Standard Error_Pd-MLP-LM,coef(b)_Pd-MLP-LM,coef(a)_Acu-Pd-MLP-LM,rsquared_Acu-Pd-MLP-LM,Standard Error_Acu-Pd-MLP-LM,coef(b)_Acu-Pd-MLP-LM
0,2.0,0.33635565675473056,0.3638956022093385,0.0402619329116701,0.03020467201422023,1.0955663692370416,0.9628930055854776,0.01947142106956564,0.34059084646073734,0.6324795826498848,0.325856466765608,0.08236251685553511,0.015751020723992683,0.9780322588063042,0.9730663205060712,0.014731598960446277,0.3462819533060203,-0.0017111543801413566,0.003744103775506602,0.0025270904791244125,0.00995033226211561,0.25718726196216435,0.9317749092972933,0.0063006607260419865,0.02299667955007635,0.2721452402881994,0.30434401526596266,0.03725080868834643,0.030005449341200037,1.2447900787810644,0.9834616572777165,0.014614483844325597,0.11613309977824016,0.25569824597417734,0.2585131970006077,0.0392065103336993,0.028144003661828274,1.2202979325615262,0.9961869960287631,0.004873303402281923,-0.40588966968375534,0.40647303991807193,0.4587078975424952,0.03997601867881254,0.026143305904074293,1.074406956096853,0.9739342057643873,0.01591327498323293,0.2793269854394684
