,Pruebas,coef(a)_6am-MLP,rsquared_6am-MLP,Standard Error_6am-MLP,coef(b)_6am-MLP,coef(a)_Acu-6am-MLP,rsquared_Acu-6am-MLP,Standard Error_Acu-6am-MLP,coef(b)_Acu-6am-MLP,coef(a)_6am-Beysens,rsquared_6am-Beysens,Standard Error_6am-Beysens,coef(b)_6am-Beysens,coef(a)_Acu-6am-Beysens,rsquared_Acu-6am-Beysens,Standard Error_Acu-6am-Beysens,coef(b)_Acu-6am-Beysens,coef(a)_Beysens-PM,rsquared_Beysens-PM,Standard Error_Beysens-PM,coef(b)_Beysens-PM,coef(a)_Acu-Beysens-PM,rsquared_Acu-Beysens-PM,Standard Error_Acu-Beysens-PM,coef(b)_Acu-Beysens-PM,coef(a)_MLP-PM,rsquared_MLP-PM,Standard Error_MLP-PM,coef(b)_MLP-PM,coef(a)_Acu-MLP-PM,rsquared_Acu-MLP-PM,Standard Error_Acu-MLP-PM,coef(b)_Acu-MLP-PM
0,1.0,0.5421737237024018,0.30275660340219746,0.07449102118777241,0.011330632685538432,0.9434212780186721,0.986104314343141,0.010139214547550636,-0.014491685022522835,0.5982976118489702,0.2988485267332569,0.08296935613380468,0.014997559810240433,1.1545805122710173,0.9890518340328736,0.010997791134773805,-0.1481154726070139,-0.0005919709558282371,0.0010445694147821483,0.0016573906605674988,0.004146851398861462,0.10343814619527247,0.7192318591719307,0.005851137014609811,0.02872529649131944,0.590444459622033,0.23542279153953616,0.09633532319931434,0.020224740456196363,1.2920571316946878,0.9788428004033802,0.01719786036550782,-0.27810497281185964
