,Pruebas,coef(a)_6am-MLP,rsquared_6am-MLP,Standard Error_6am-MLP,coef(b)_6am-MLP,coef(a)_Acu-6am-MLP,rsquared_Acu-6am-MLP,Standard Error_Acu-6am-MLP,coef(b)_Acu-6am-MLP,coef(a)_6am-Beysens,rsquared_6am-Beysens,Standard Error_6am-Beysens,coef(b)_6am-Beysens,coef(a)_Acu-6am-Beysens,rsquared_Acu-6am-Beysens,Standard Error_Acu-6am-Beysens,coef(b)_Acu-6am-Beysens,coef(a)_Beysens-PM,rsquared_Beysens-PM,Standard Error_Beysens-PM,coef(b)_Beysens-PM,coef(a)_Acu-Beysens-PM,rsquared_Acu-Beysens-PM,Standard Error_Acu-Beysens-PM,coef(b)_Acu-Beysens-PM,coef(a)_MLP-PM,rsquared_MLP-PM,Standard Error_MLP-PM,coef(b)_MLP-PM,coef(a)_Acu-MLP-PM,rsquared_Acu-MLP-PM,Standard Error_Acu-MLP-PM,coef(b)_Acu-MLP-PM,coef(a)_6a-MLP-LM,rsquared_6a-MLP-LM,Standard Error_6a-MLP-LM,coef(b)_6a-MLP-LM,coef(a)_Acu-6am-MLP-LM,rsquared_Acu-6am-MLP-LM,Standard Error_Acu-6am-MLP-LM,coef(b)_Acu-6am-MLP-LM,coef(a)_Pd-MLP-LM,rsquared_Pd-MLP-LM,Standard Error_Pd-MLP-LM,coef(b)_Pd-MLP-LM,coef(a)_Acu-Pd-MLP-LM,rsquared_Acu-Pd-MLP-LM,Standard Error_Acu-Pd-MLP-LM,coef(b)_Acu-Pd-MLP-LM
0,8.0,0.46979972852385077,0.29774617725788743,0.06532159391958672,0.03187473639259271,1.743626074370272,0.994374164428202,0.01187386326307386,-0.0976067656156407,0.5728649321554861,0.15065381828970925,0.12314722224881036,0.019637286751741985,1.385317873935145,0.9565441333042397,0.026732601482283836,0.16865002038944266,-0.0032398334966480986,0.014352001395673053,0.0024307901294442235,0.010427691807986215,0.15848802221483196,0.8573847892850043,0.005852097689516377,0.12229270847398385,0.18474012059873018,0.07574084969198669,0.05842695213956234,0.03169222625080085,1.3477846235587174,0.9931089099038036,0.010164502041533538,0.10915921601546143,0.3027634564044957,0.1686966101996068,0.06084852793281519,0.0322676145000395,1.0988696200650305,0.9968894534986799,0.00396219089757514,0.06400143934544683,0.5127812819248774,0.32743824396914145,0.06653553127857202,0.023550760935588277,1.456410694366578,0.9919577388249329,0.011872616639522705,0.0349579039824062
