,Pruebas,coef(a)_6am-MLP,rsquared_6am-MLP,Standard Error_6am-MLP,coef(b)_6am-MLP,coef(a)_Acu-6am-MLP,rsquared_Acu-6am-MLP,Standard Error_Acu-6am-MLP,coef(b)_Acu-6am-MLP,coef(a)_6am-Beysens,rsquared_6am-Beysens,Standard Error_6am-Beysens,coef(b)_6am-Beysens,coef(a)_Acu-6am-Beysens,rsquared_Acu-6am-Beysens,Standard Error_Acu-6am-Beysens,coef(b)_Acu-6am-Beysens,coef(a)_Beysens-PM,rsquared_Beysens-PM,Standard Error_Beysens-PM,coef(b)_Beysens-PM,coef(a)_Acu-Beysens-PM,rsquared_Acu-Beysens-PM,Standard Error_Acu-Beysens-PM,coef(b)_Acu-Beysens-PM,coef(a)_MLP-PM,rsquared_MLP-PM,Standard Error_MLP-PM,coef(b)_MLP-PM,coef(a)_Acu-MLP-PM,rsquared_Acu-MLP-PM,Standard Error_Acu-MLP-PM,coef(b)_Acu-MLP-PM,coef(a)_Pd-MLP-LM,rsquared_Pd-MLP-LM,Standard Error_Pd-MLP-LM,coef(b)_Pd-MLP-LM,coef(a)_Acu-Pd-MLP-LM,rsquared_Acu-Pd-MLP-LM,Standard Error_Acu-Pd-MLP-LM,coef(b)_Acu-Pd-MLP-LM,coef(a)_6am-MLP-LM,rsquared_6am-MLP-LM,Standard Error_6am-MLP-LM,coef(b)_6am-MLP-LM,coef(a)_Acu-6am-MLP-LM,rsquared_Acu-6am-MLP-LM,Standard Error_Acu-6am-MLP-LM,coef(b)_Acu-6am-MLP-LM
0,1.0,0.4207195189626898,0.3568493170522554,0.05113599476575305,0.019554152739848868,0.9293431757824755,0.9713051947003197,0.014461721233734452,0.32166071134328855,0.5634865580647516,0.26229292434236795,0.08555636646297396,0.015169695877970048,0.9382194196546421,0.9626813788943642,0.016724225363625306,0.2055026047880295,-0.0027709094615914875,0.01796075193376101,0.0018550028684296146,0.009826798278013357,0.13285849230565222,0.7672934342405209,0.006624193068378537,0.15360686046146022,0.26618645886985254,0.15339057061270134,0.056617172882055214,0.027843582965156086,1.0627060381090316,0.9712872698886914,0.016542327993100965,0.3040427690497215,0.26354577421840875,0.13238806327009478,0.06108217517918763,0.031119916167942446,0.9758921710332656,0.996900453510109,0.0035125247633820147,0.05718638230726514,0.3631800339599093,0.3269961942300392,0.04717147374877011,0.018622587842599563,0.8468038838906798,0.9694465255307566,0.013610412847803953,0.30600071640053766
