,Pruebas,coef(a)_6am-MLP,rsquared_6am-MLP,Standard Error_6am-MLP,coef(b)_6am-MLP,coef(a)_Acu-6am-MLP,rsquared_Acu-6am-MLP,Standard Error_Acu-6am-MLP,coef(b)_Acu-6am-MLP,coef(a)_6am-Beysens,rsquared_6am-Beysens,Standard Error_6am-Beysens,coef(b)_6am-Beysens,coef(a)_Acu-6am-Beysens,rsquared_Acu-6am-Beysens,Standard Error_Acu-6am-Beysens,coef(b)_Acu-6am-Beysens,coef(a)_Beysens-PM,rsquared_Beysens-PM,Standard Error_Beysens-PM,coef(b)_Beysens-PM,coef(a)_Acu-Beysens-PM,rsquared_Acu-Beysens-PM,Standard Error_Acu-Beysens-PM,coef(b)_Acu-Beysens-PM,coef(a)_MLP-PM,rsquared_MLP-PM,Standard Error_MLP-PM,coef(b)_MLP-PM,coef(a)_Acu-MLP-PM,rsquared_Acu-MLP-PM,Standard Error_Acu-MLP-PM,coef(b)_Acu-MLP-PM,coef(a)_6a-MLP-LM,rsquared_6a-MLP-LM,Standard Error_6a-MLP-LM,coef(b)_6a-MLP-LM,coef(a)_Acu-6am-MLP-LM,rsquared_Acu-6am-MLP-LM,Standard Error_Acu-6am-MLP-LM,coef(b)_Acu-6am-MLP-LM,coef(a)_Pd-MLP-LM,rsquared_Pd-MLP-LM,Standard Error_Pd-MLP-LM,coef(b)_Pd-MLP-LM,coef(a)_Acu-Pd-MLP-LM,rsquared_Acu-Pd-MLP-LM,Standard Error_Acu-Pd-MLP-LM,coef(b)_Acu-Pd-MLP-LM
0,8.0,0.28465661602984194,0.23437692048647352,0.04657913443389413,0.034248152880547986,1.7051148531182427,0.9399776621158851,0.039009592176633,0.44115845580306046,0.5588726618011909,0.2566508397801235,0.08611088115404054,0.018355876227884222,1.3587864046588431,0.959730326836097,0.025199140079256898,0.11715813714389489,0.0006454997623821781,0.0004887978061584031,0.002642684882576423,0.004229332502613894,0.21174767309421216,0.8679570468599759,0.007477341722765132,0.013503967329061988,0.3149612051502587,0.1410416749934431,0.07037031686528028,0.027829772082674252,1.2740198771562032,0.9494572482023359,0.02661264397088666,0.5987470954355484,0.3013367774788213,0.21925548442132203,0.05148153300519832,0.02749068692534805,1.2278916056791198,0.986086754112215,0.009414799531066012,0.24001758501350756,0.31132564739093205,0.2405719615030063,0.05007902105715395,0.028121116975969324,1.4463400711964787,0.9504971779579203,0.029883403993897134,0.4040988651694109
