,Pruebas,coef(a)_6am-MLP,rsquared_6am-MLP,Standard Error_6am-MLP,coef(b)_6am-MLP,coef(a)_Acu-6am-MLP,rsquared_Acu-6am-MLP,Standard Error_Acu-6am-MLP,coef(b)_Acu-6am-MLP,coef(a)_6am-Beysens,rsquared_6am-Beysens,Standard Error_6am-Beysens,coef(b)_6am-Beysens,coef(a)_Acu-6am-Beysens,rsquared_Acu-6am-Beysens,Standard Error_Acu-6am-Beysens,coef(b)_Acu-6am-Beysens,coef(a)_Beysens-PM,rsquared_Beysens-PM,Standard Error_Beysens-PM,coef(b)_Beysens-PM,coef(a)_Acu-Beysens-PM,rsquared_Acu-Beysens-PM,Standard Error_Acu-Beysens-PM,coef(b)_Acu-Beysens-PM,coef(a)_MLP-PM,rsquared_MLP-PM,Standard Error_MLP-PM,coef(b)_MLP-PM,coef(a)_Acu-MLP-PM,rsquared_Acu-MLP-PM,Standard Error_Acu-MLP-PM,coef(b)_Acu-MLP-PM,coef(a)_6a-MLP-LM,rsquared_6a-MLP-LM,Standard Error_6a-MLP-LM,coef(b)_6a-MLP-LM,coef(a)_Acu-6am-MLP-LM,rsquared_Acu-6am-MLP-LM,Standard Error_Acu-6am-MLP-LM,coef(b)_Acu-6am-MLP-LM,coef(a)_Pd-MLP-LM,rsquared_Pd-MLP-LM,Standard Error_Pd-MLP-LM,coef(b)_Pd-MLP-LM,coef(a)_Acu-Pd-MLP-LM,rsquared_Acu-Pd-MLP-LM,Standard Error_Acu-Pd-MLP-LM,coef(b)_Acu-Pd-MLP-LM
0,2.0,0.25545729966123143,0.20161581098543013,0.046023754742341265,0.031130872749400868,1.2741470572054028,0.9733068847971263,0.019103562965096754,0.5744697563264134,0.6179436728268762,0.25735184492804586,0.09503791167404889,0.018594880376583668,1.2791270731319044,0.9685300247563188,0.020874949428670332,0.21917349807525519,0.0012108604693879972,0.0031646675627458043,0.0019456371472518338,0.002463282846205962,0.15686410887692648,0.9200888112371215,0.004185357810979947,-0.032487123571860524,0.13405044934026436,0.13186212967750022,0.03114029578485983,0.029290378762722447,1.0411469902687949,0.9798479181890752,0.013518009746860571,0.4375950197855838,0.22793577943200988,0.22796993650407227,0.03797614725144875,0.028367028590334093,1.21542695258765,0.9905546950999037,0.007661115382626149,-0.2714753397499913,0.3047731986926194,0.3146777406862046,0.040720325306037135,0.02681173736224034,1.203494463894558,0.977665323025155,0.016468684615127998,0.46541630805103457
