,Pruebas,coef(a)_6am-MLP,rsquared_6am-MLP,Standard Error_6am-MLP,coef(b)_6am-MLP,coef(a)_Acu-6am-MLP,rsquared_Acu-6am-MLP,Standard Error_Acu-6am-MLP,coef(b)_Acu-6am-MLP,coef(a)_6am-Beysens,rsquared_6am-Beysens,Standard Error_6am-Beysens,coef(b)_6am-Beysens,coef(a)_Acu-6am-Beysens,rsquared_Acu-6am-Beysens,Standard Error_Acu-6am-Beysens,coef(b)_Acu-6am-Beysens,coef(a)_Beysens-PM,rsquared_Beysens-PM,Standard Error_Beysens-PM,coef(b)_Beysens-PM,coef(a)_Acu-Beysens-PM,rsquared_Acu-Beysens-PM,Standard Error_Acu-Beysens-PM,coef(b)_Acu-Beysens-PM,coef(a)_MLP-PM,rsquared_MLP-PM,Standard Error_MLP-PM,coef(b)_MLP-PM,coef(a)_Acu-MLP-PM,rsquared_Acu-MLP-PM,Standard Error_Acu-MLP-PM,coef(b)_Acu-MLP-PM
0,1.0,0.4221138324581677,0.36132353124738825,0.05080915837558625,0.018596901329257325,1.0699735161926798,0.9851875085534828,0.011878120322421342,-0.06485263004416503,0.5312344056741287,0.24360305094533863,0.08475001853549297,0.01682096770072334,1.1105410592213891,0.9803145394201221,0.014247700358660895,-0.09699199181145626,0.00016112374681059155,6.661219051407041e-05,0.0017872623811663803,0.003041727774838419,0.060977086499037665,0.6803811826863672,0.0037837878441567396,0.10132031066482837,0.324529368557686,0.2597890750595623,0.04959540425681058,0.02384058452829903,1.1298242497573239,0.9758179215023146,0.016102503276112904,0.21371903181408175
