,Pruebas,coef(a)_6am-MLP,rsquared_6am-MLP,Standard Error_6am-MLP,coef(b)_6am-MLP,coef(a)_Acu-6am-MLP,rsquared_Acu-6am-MLP,Standard Error_Acu-6am-MLP,coef(b)_Acu-6am-MLP,coef(a)_6am-Beysens,rsquared_6am-Beysens,Standard Error_6am-Beysens,coef(b)_6am-Beysens,coef(a)_Acu-6am-Beysens,rsquared_Acu-6am-Beysens,Standard Error_Acu-6am-Beysens,coef(b)_Acu-6am-Beysens,coef(a)_Beysens-PM,rsquared_Beysens-PM,Standard Error_Beysens-PM,coef(b)_Beysens-PM,coef(a)_Acu-Beysens-PM,rsquared_Acu-Beysens-PM,Standard Error_Acu-Beysens-PM,coef(b)_Acu-Beysens-PM,coef(a)_MLP-PM,rsquared_MLP-PM,Standard Error_MLP-PM,coef(b)_MLP-PM,coef(a)_Acu-MLP-PM,rsquared_Acu-MLP-PM,Standard Error_Acu-MLP-PM,coef(b)_Acu-MLP-PM,coef(a)_6a-MLP-LM,rsquared_6a-MLP-LM,Standard Error_6a-MLP-LM,coef(b)_6a-MLP-LM,coef(a)_Acu-6am-MLP-LM,rsquared_Acu-6am-MLP-LM,Standard Error_Acu-6am-MLP-LM,coef(b)_Acu-6am-MLP-LM,coef(a)_Pd-MLP-LM,rsquared_Pd-MLP-LM,Standard Error_Pd-MLP-LM,coef(b)_Pd-MLP-LM,coef(a)_Acu-Pd-MLP-LM,rsquared_Acu-Pd-MLP-LM,Standard Error_Acu-Pd-MLP-LM,coef(b)_Acu-Pd-MLP-LM
0,5.0,0.348058229836704,0.35573606395037993,0.04240723242953754,0.025767617580195634,1.262892006415766,0.9867426277184717,0.0132529658458778,-0.15152782626748607,0.4979255541277032,0.22136557648307753,0.08454662128289776,0.01470611999583821,1.0450829612392836,0.9566713669419207,0.02013617412025335,-0.4415094910621126,0.0002270702410978485,0.00037093146989541914,0.001067217415714017,0.001712498047522189,0.06366072770384663,0.8774094800672817,0.0021543634163841124,0.020589930784418745,0.11324592674049114,0.08691978748950002,0.033230577679315844,0.029376497025363962,1.1242147365783484,0.9787774744857565,0.014987386538899,0.26303352258488044,0.17596035755039371,0.16073188802797078,0.03640275527027327,0.028834205780456482,1.1523354378790285,0.9941939999062939,0.005684290278921152,0.27677365044276075,0.34285112468415896,0.3917594813436093,0.038677071345990265,0.023419707308442256,1.1688772063920705,0.9852576394089715,0.012944866712819822,-0.17006597703851936
