,Pruebas,coef(a)_6am-MLP,rsquared_6am-MLP,Standard Error_6am-MLP,coef(b)_6am-MLP,coef(a)_Acu-6am-MLP,rsquared_Acu-6am-MLP,Standard Error_Acu-6am-MLP,coef(b)_Acu-6am-MLP,coef(a)_6am-Beysens,rsquared_6am-Beysens,Standard Error_6am-Beysens,coef(b)_6am-Beysens,coef(a)_Acu-6am-Beysens,rsquared_Acu-6am-Beysens,Standard Error_Acu-6am-Beysens,coef(b)_Acu-6am-Beysens,coef(a)_Beysens-PM,rsquared_Beysens-PM,Standard Error_Beysens-PM,coef(b)_Beysens-PM,coef(a)_Acu-Beysens-PM,rsquared_Acu-Beysens-PM,Standard Error_Acu-Beysens-PM,coef(b)_Acu-Beysens-PM,coef(a)_MLP-PM,rsquared_MLP-PM,Standard Error_MLP-PM,coef(b)_MLP-PM,coef(a)_Acu-MLP-PM,rsquared_Acu-MLP-PM,Standard Error_Acu-MLP-PM,coef(b)_Acu-MLP-PM
0,1.0,0.520876801618503,0.2129322988396023,0.09066515343807627,0.01588546690405209,1.0145924367584658,0.9888310864822611,0.009762389113873287,0.18464812951996704,0.6699348275665666,0.31362764273765564,0.08972745832650184,0.017234911784924783,1.2476379497641643,0.9899154080359374,0.011400890758341482,-0.02878227222806537,-0.00011073945952826884,2.482542312787217e-05,0.002012188968385429,0.005693875874061844,0.2193065328676908,0.9701143093903629,0.003484912244808857,-0.08142766365616003,0.5015371432420291,0.20546649801216643,0.089291216631109,0.023363364282224203,1.3118797624076368,0.9590743712908314,0.024534976990514566,-0.4647517925230095
