,Pruebas,coef(a)_6am-MLP,rsquared_6am-MLP,Standard Error_6am-MLP,coef(b)_6am-MLP,coef(a)_Acu-6am-MLP,rsquared_Acu-6am-MLP,Standard Error_Acu-6am-MLP,coef(b)_Acu-6am-MLP,coef(a)_6am-Beysens,rsquared_6am-Beysens,Standard Error_6am-Beysens,coef(b)_6am-Beysens,coef(a)_Acu-6am-Beysens,rsquared_Acu-6am-Beysens,Standard Error_Acu-6am-Beysens,coef(b)_Acu-6am-Beysens,coef(a)_Beysens-PM,rsquared_Beysens-PM,Standard Error_Beysens-PM,coef(b)_Beysens-PM,coef(a)_Acu-Beysens-PM,rsquared_Acu-Beysens-PM,Standard Error_Acu-Beysens-PM,coef(b)_Acu-Beysens-PM,coef(a)_MLP-PM,rsquared_MLP-PM,Standard Error_MLP-PM,coef(b)_MLP-PM,coef(a)_Acu-MLP-PM,rsquared_Acu-MLP-PM,Standard Error_Acu-MLP-PM,coef(b)_Acu-MLP-PM
0,1.0,0.6982903281761526,0.32284794431456654,0.09155882384787221,0.01626918180905827,1.23350032155427,0.9742699681344744,0.018148463254048876,0.20207641691519534,0.8204949285098136,0.37852680164442243,0.09518288629728937,0.0161249699179282,1.4600954498649452,0.9700613528452247,0.023222972977293036,0.2046810338053782,-0.0011900643779678935,0.0028936957553957754,0.0020000222990102924,0.005740711143999871,0.15761143190033178,0.9394046230866661,0.0036241085586830326,0.047771637395773114,0.43464594472161283,0.31263023190648276,0.05834927542977339,0.01183030094918621,0.9255044233953778,0.9796807120396044,0.01206731216458365,-0.05516122284756117
