,Pruebas,coef(a)_6am-MLP,rsquared_6am-MLP,Standard Error_6am-MLP,coef(b)_6am-MLP,coef(a)_Acu-6am-MLP,rsquared_Acu-6am-MLP,Standard Error_Acu-6am-MLP,coef(b)_Acu-6am-MLP,coef(a)_6am-Beysens,rsquared_6am-Beysens,Standard Error_6am-Beysens,coef(b)_6am-Beysens,coef(a)_Acu-6am-Beysens,rsquared_Acu-6am-Beysens,Standard Error_Acu-6am-Beysens,coef(b)_Acu-6am-Beysens,coef(a)_Beysens-PM,rsquared_Beysens-PM,Standard Error_Beysens-PM,coef(b)_Beysens-PM,coef(a)_Acu-Beysens-PM,rsquared_Acu-Beysens-PM,Standard Error_Acu-Beysens-PM,coef(b)_Acu-Beysens-PM,coef(a)_MLP-PM,rsquared_MLP-PM,Standard Error_MLP-PM,coef(b)_MLP-PM,coef(a)_Acu-MLP-PM,rsquared_Acu-MLP-PM,Standard Error_Acu-MLP-PM,coef(b)_Acu-MLP-PM
0,1.0,0.3961990081319465,0.30966391465694976,0.053557271769565346,0.017404149543939457,0.8137861898952324,0.9814603987458974,0.010126146396585718,0.3130209874010199,0.7477476837956953,0.5076099025860702,0.06667526849980104,0.012839943981544248,1.178303983548596,0.9761254110466719,0.016683707716096605,0.06625200707831906,0.00048384473647010683,0.0018619556196323162,0.0010142306892414856,0.0013865299441838078,0.09190091657839822,0.8701146414467573,0.003214635881961696,-0.05445495504318183,0.25392652175644126,0.03812144610051593,0.11547916047252495,0.02685635402535208,1.0550376761853302,0.9550999052786603,0.020710342559159607,-0.1262132732649048
