,Pruebas,coef(a)_6am-MLP,rsquared_6am-MLP,Standard Error_6am-MLP,coef(b)_6am-MLP,coef(a)_Acu-6am-MLP,rsquared_Acu-6am-MLP,Standard Error_Acu-6am-MLP,coef(b)_Acu-6am-MLP,coef(a)_6am-Beysens,rsquared_6am-Beysens,Standard Error_6am-Beysens,coef(b)_6am-Beysens,coef(a)_Acu-6am-Beysens,rsquared_Acu-6am-Beysens,Standard Error_Acu-6am-Beysens,coef(b)_Acu-6am-Beysens,coef(a)_Beysens-PM,rsquared_Beysens-PM,Standard Error_Beysens-PM,coef(b)_Beysens-PM,coef(a)_Acu-Beysens-PM,rsquared_Acu-Beysens-PM,Standard Error_Acu-Beysens-PM,coef(b)_Acu-Beysens-PM,coef(a)_MLP-PM,rsquared_MLP-PM,Standard Error_MLP-PM,coef(b)_MLP-PM,coef(a)_Acu-MLP-PM,rsquared_Acu-MLP-PM,Standard Error_Acu-MLP-PM,coef(b)_Acu-MLP-PM,coef(a)_6a-MLP-LM,rsquared_6a-MLP-LM,Standard Error_6a-MLP-LM,coef(b)_6a-MLP-LM,coef(a)_Acu-6am-MLP-LM,rsquared_Acu-6am-MLP-LM,Standard Error_Acu-6am-MLP-LM,coef(b)_Acu-6am-MLP-LM,coef(a)_Pd-MLP-LM,rsquared_Pd-MLP-LM,Standard Error_Pd-MLP-LM,coef(b)_Pd-MLP-LM,coef(a)_Acu-Pd-MLP-LM,rsquared_Acu-Pd-MLP-LM,Standard Error_Acu-Pd-MLP-LM,coef(b)_Acu-Pd-MLP-LM
0,3.0,0.38328007670634157,0.45536505442549335,0.03794977714560189,0.02321809143869615,1.1386915771491795,0.9908444922888352,0.009909794727955225,0.1194438515043938,0.8906211117743685,0.5873414612253806,0.0675869982756252,0.011071536810395306,1.3462382839095026,0.9880445159900552,0.013407177121354702,-0.10654019315669878,0.0039011934082245443,0.024898547228153323,0.002210321582008111,-0.0018757648343893645,0.15849828207856725,0.7453302026266512,0.00838801126949377,-0.1231063653828247,0.23278344204770868,0.11676209461576781,0.05796422722964306,0.02179339860139265,0.9338547263934296,0.9835242679418553,0.010942819281797052,-0.02298772589560888,0.18808913267089933,0.13238392242728425,0.04359432673988324,0.024580862580520384,1.0973755270779946,0.9943707570286141,0.00532967190499382,0.052459210176269616,0.3645382759579818,0.44871014110505114,0.036582238661040635,0.022579805219985663,1.0991701045315048,0.9911636904043089,0.00939610292155206,0.10584303568028151
