,Pruebas,coef(a)_6am-MLP,rsquared_6am-MLP,Standard Error_6am-MLP,coef(b)_6am-MLP,coef(a)_Acu-6am-MLP,rsquared_Acu-6am-MLP,Standard Error_Acu-6am-MLP,coef(b)_Acu-6am-MLP,coef(a)_6am-Beysens,rsquared_6am-Beysens,Standard Error_6am-Beysens,coef(b)_6am-Beysens,coef(a)_Acu-6am-Beysens,rsquared_Acu-6am-Beysens,Standard Error_Acu-6am-Beysens,coef(b)_Acu-6am-Beysens,coef(a)_Beysens-PM,rsquared_Beysens-PM,Standard Error_Beysens-PM,coef(b)_Beysens-PM,coef(a)_Acu-Beysens-PM,rsquared_Acu-Beysens-PM,Standard Error_Acu-Beysens-PM,coef(b)_Acu-Beysens-PM,coef(a)_MLP-PM,rsquared_MLP-PM,Standard Error_MLP-PM,coef(b)_MLP-PM,coef(a)_Acu-MLP-PM,rsquared_Acu-MLP-PM,Standard Error_Acu-MLP-PM,coef(b)_Acu-MLP-PM,coef(a)_Pd-MLP-LM,rsquared_Pd-MLP-LM,Standard Error_Pd-MLP-LM,coef(b)_Pd-MLP-LM,coef(a)_Acu-Pd-MLP-LM,rsquared_Acu-Pd-MLP-LM,Standard Error_Acu-Pd-MLP-LM,coef(b)_Acu-Pd-MLP-LM,coef(a)_6am-MLP-LM,rsquared_6am-MLP-LM,Standard Error_6am-MLP-LM,coef(b)_6am-MLP-LM,coef(a)_Acu-6am-MLP-LM,rsquared_Acu-6am-MLP-LM,Standard Error_Acu-6am-MLP-LM,coef(b)_Acu-6am-MLP-LM
0,9.0,0.2768853355938715,0.37534681435559747,0.032338746663375086,0.013754804725694611,0.6557934303747724,0.9859140109492186,0.007096779294870612,0.18267958420195474,0.5679563139884334,0.36700500630897726,0.06753037478433332,0.012985439357534753,0.9214182361305353,0.9913001952732758,0.007815001116906776,0.2500247258495867,-0.0008540290963234564,0.0014065326795168476,0.002060213357297476,0.0053574516148775005,0.12047088580433149,0.8513119459238121,0.0045582260985358525,0.10584107431706347,0.3110121509926326,0.33372191716807564,0.039786236176221984,0.017813231052239163,0.9070625625474329,0.9933608909144737,0.006713650064124038,0.14537398820690955,0.28406062551146144,0.22683690241655952,0.04747990014144125,0.020451462749180763,1.0571351602873755,0.9956638034970138,0.004503218443783304,0.022234998176799914,0.2973972042911361,0.3807024232853303,0.034341072552399834,0.01502645661821213,0.7055214263102539,0.9852431278426022,0.007817281343879845,0.24150644395401155
