,Pruebas,coef(a)_6am-MLP,rsquared_6am-MLP,Standard Error_6am-MLP,coef(b)_6am-MLP,coef(a)_Acu-6am-MLP,rsquared_Acu-6am-MLP,Standard Error_Acu-6am-MLP,coef(b)_Acu-6am-MLP,coef(a)_6am-Beysens,rsquared_6am-Beysens,Standard Error_6am-Beysens,coef(b)_6am-Beysens,coef(a)_Acu-6am-Beysens,rsquared_Acu-6am-Beysens,Standard Error_Acu-6am-Beysens,coef(b)_Acu-6am-Beysens,coef(a)_Beysens-PM,rsquared_Beysens-PM,Standard Error_Beysens-PM,coef(b)_Beysens-PM,coef(a)_Acu-Beysens-PM,rsquared_Acu-Beysens-PM,Standard Error_Acu-Beysens-PM,coef(b)_Acu-Beysens-PM,coef(a)_MLP-PM,rsquared_MLP-PM,Standard Error_MLP-PM,coef(b)_MLP-PM,coef(a)_Acu-MLP-PM,rsquared_Acu-MLP-PM,Standard Error_Acu-MLP-PM,coef(b)_Acu-MLP-PM,coef(a)_Pd-MLP-LM,rsquared_Pd-MLP-LM,Standard Error_Pd-MLP-LM,coef(b)_Pd-MLP-LM,coef(a)_Acu-Pd-MLP-LM,rsquared_Acu-Pd-MLP-LM,Standard Error_Acu-Pd-MLP-LM,coef(b)_Acu-Pd-MLP-LM,coef(a)_6am-MLP-LM,rsquared_6am-MLP-LM,Standard Error_6am-MLP-LM,coef(b)_6am-MLP-LM,coef(a)_Acu-6am-MLP-LM,rsquared_Acu-6am-MLP-LM,Standard Error_Acu-6am-MLP-LM,coef(b)_Acu-6am-MLP-LM
0,10.0,0.3942084166742976,0.3264645467378645,0.05126349025414023,0.024302356863950478,1.3089198067456858,0.9851214919099834,0.014563572391550688,0.0796416602560738,0.6575945970417751,0.277946675138133,0.09595822708142701,0.013074891736668915,1.1416868101288982,0.9645062570841723,0.019828526557926357,0.017762311301536174,0.0017200779702672326,0.010360911000113049,0.0015219755202284717,-0.0015670487438454647,0.04469452272635015,0.4136681272573488,0.004817482103846355,-0.04842513578779174,0.22803108317170703,0.21115521716002428,0.0399033142116947,0.031571003114058194,1.5279872676364357,0.9884953657768083,0.014924126096308778,-0.09025561531262083,0.22434705762203913,0.22321363150305873,0.03789055020913159,0.030572328788492396,1.1232893791138043,0.9937581903616073,0.00574646718646286,0.38892746648325605,0.42022698693982513,0.4391061965990226,0.04299912107409095,0.021414717722318927,1.2276979469723712,0.9858345709598846,0.013323688156071534,0.08104275215718038
