,Pruebas,coef(a)_6am-MLP,rsquared_6am-MLP,Standard Error_6am-MLP,coef(b)_6am-MLP,coef(a)_Acu-6am-MLP,rsquared_Acu-6am-MLP,Standard Error_Acu-6am-MLP,coef(b)_Acu-6am-MLP,coef(a)_6am-Beysens,rsquared_6am-Beysens,Standard Error_6am-Beysens,coef(b)_6am-Beysens,coef(a)_Acu-6am-Beysens,rsquared_Acu-6am-Beysens,Standard Error_Acu-6am-Beysens,coef(b)_Acu-6am-Beysens,coef(a)_Beysens-PM,rsquared_Beysens-PM,Standard Error_Beysens-PM,coef(b)_Beysens-PM,coef(a)_Acu-Beysens-PM,rsquared_Acu-Beysens-PM,Standard Error_Acu-Beysens-PM,coef(b)_Acu-Beysens-PM,coef(a)_MLP-PM,rsquared_MLP-PM,Standard Error_MLP-PM,coef(b)_MLP-PM,coef(a)_Acu-MLP-PM,rsquared_Acu-MLP-PM,Standard Error_Acu-MLP-PM,coef(b)_Acu-MLP-PM
0,1.0,0.6018060755505705,0.31631386590131017,0.08010248118083714,0.019560022433935495,1.3739359557440778,0.9846723713406874,0.015519516303175458,0.15917916335606452,0.7996815607543654,0.3701758454102768,0.09443713094172998,0.01690778938657647,1.495957712303519,0.9619986801355603,0.02691854018633572,0.32049450900081305,0.00031790983646801454,9.302233292618478e-05,0.0029840784496855907,0.006890617403297331,0.26208934986606003,0.8881559533154715,0.008420372003855123,0.07369964724458507,0.6278438456040668,0.34515938678860036,0.07829421718515928,0.02785447235731399,1.71440063843498,0.9800437820409477,0.022148727718957265,0.3586908414930463
