,Pruebas,coef(a)_6am-MLP,rsquared_6am-MLP,Standard Error_6am-MLP,coef(b)_6am-MLP,coef(a)_Acu-6am-MLP,rsquared_Acu-6am-MLP,Standard Error_Acu-6am-MLP,coef(b)_Acu-6am-MLP,coef(a)_6am-Beysens,rsquared_6am-Beysens,Standard Error_6am-Beysens,coef(b)_6am-Beysens,coef(a)_Acu-6am-Beysens,rsquared_Acu-6am-Beysens,Standard Error_Acu-6am-Beysens,coef(b)_Acu-6am-Beysens,coef(a)_Beysens-PM,rsquared_Beysens-PM,Standard Error_Beysens-PM,coef(b)_Beysens-PM,coef(a)_Acu-Beysens-PM,rsquared_Acu-Beysens-PM,Standard Error_Acu-Beysens-PM,coef(b)_Acu-Beysens-PM,coef(a)_MLP-PM,rsquared_MLP-PM,Standard Error_MLP-PM,coef(b)_MLP-PM,coef(a)_Acu-MLP-PM,rsquared_Acu-MLP-PM,Standard Error_Acu-MLP-PM,coef(b)_Acu-MLP-PM
0,1.0,0.46207824621803667,0.5436238584199296,0.03833079317787622,0.013316551896746551,0.8045388989589453,0.9793598570121902,0.010574317144423808,0.2858140655215736,0.6756102515123672,0.42060660775578906,0.07179017943713562,0.013439825993997678,1.0537973015321787,0.9705433747317415,0.0166211545253085,0.21855121772078095,-0.004361196268330465,0.0305089338672363,0.002225789587579767,0.014766272132564134,0.1743875948770518,0.7556857758133029,0.00897716949873185,0.1905450283755377,0.5287356987533041,0.3229337271108179,0.06931345945026737,0.022467020417084253,1.1674336236990592,0.9872625201713643,0.012005429735879591,0.24768620328155316
