,Pruebas,coef(a)_6am-MLP,rsquared_6am-MLP,Standard Error_6am-MLP,coef(b)_6am-MLP,coef(a)_Acu-6am-MLP,rsquared_Acu-6am-MLP,Standard Error_Acu-6am-MLP,coef(b)_Acu-6am-MLP,coef(a)_6am-Beysens,rsquared_6am-Beysens,Standard Error_6am-Beysens,coef(b)_6am-Beysens,coef(a)_Acu-6am-Beysens,rsquared_Acu-6am-Beysens,Standard Error_Acu-6am-Beysens,coef(b)_Acu-6am-Beysens,coef(a)_Beysens-PM,rsquared_Beysens-PM,Standard Error_Beysens-PM,coef(b)_Beysens-PM,coef(a)_Acu-Beysens-PM,rsquared_Acu-Beysens-PM,Standard Error_Acu-Beysens-PM,coef(b)_Acu-Beysens-PM,coef(a)_MLP-PM,rsquared_MLP-PM,Standard Error_MLP-PM,coef(b)_MLP-PM,coef(a)_Acu-MLP-PM,rsquared_Acu-MLP-PM,Standard Error_Acu-MLP-PM,coef(b)_Acu-MLP-PM,coef(a)_Pd-MLP-LM,rsquared_Pd-MLP-LM,Standard Error_Pd-MLP-LM,coef(b)_Pd-MLP-LM,coef(a)_Acu-Pd-MLP-LM,rsquared_Acu-Pd-MLP-LM,Standard Error_Acu-Pd-MLP-LM,coef(b)_Acu-Pd-MLP-LM,coef(a)_6am-MLP-LM,rsquared_6am-MLP-LM,Standard Error_6am-MLP-LM,coef(b)_6am-MLP-LM,coef(a)_Acu-6am-MLP-LM,rsquared_Acu-6am-MLP-LM,Standard Error_Acu-6am-MLP-LM,coef(b)_Acu-6am-MLP-LM
0,8.0,0.47799260588993725,0.5125945464648818,0.04219873816762924,0.01679878718815994,1.0960126666512413,0.9859851215542014,0.011830283321291324,-0.0675117127705285,0.7602320097314088,0.3656250974075319,0.09066115201640873,0.019493772658961163,1.5503205117918424,0.974071733055553,0.022899861310945308,0.1446916562777456,0.0006969937766887211,0.0016757301260754698,0.0015402200087605027,0.0014339489623487784,0.09236599493926818,0.8986776129287353,0.002807908439940108,-0.021084217389008595,0.24626098780532923,0.22556499666647634,0.041311630622771996,0.022366700717635066,1.0312741321042398,0.9738387585128764,0.015303115445461207,0.06123568060595347,0.2602035319072881,0.23369325721265088,0.04265908627509906,0.021184466706711806,0.9710201745398698,0.9947650338584872,0.004546940970069926,0.28874681779408,0.4802918835607026,0.5460435305810705,0.03964777369668184,0.015977510198566115,1.0470418460674193,0.9901746195662884,0.009442846185738237,0.016602832631754688
