,Pruebas,coef(a)_6am-MLP,rsquared_6am-MLP,Standard Error_6am-MLP,coef(b)_6am-MLP,coef(a)_Acu-6am-MLP,rsquared_Acu-6am-MLP,Standard Error_Acu-6am-MLP,coef(b)_Acu-6am-MLP,coef(a)_6am-Beysens,rsquared_6am-Beysens,Standard Error_6am-Beysens,coef(b)_6am-Beysens,coef(a)_Acu-6am-Beysens,rsquared_Acu-6am-Beysens,Standard Error_Acu-6am-Beysens,coef(b)_Acu-6am-Beysens,coef(a)_Beysens-PM,rsquared_Beysens-PM,Standard Error_Beysens-PM,coef(b)_Beysens-PM,coef(a)_Acu-Beysens-PM,rsquared_Acu-Beysens-PM,Standard Error_Acu-Beysens-PM,coef(b)_Acu-Beysens-PM,coef(a)_MLP-PM,rsquared_MLP-PM,Standard Error_MLP-PM,coef(b)_MLP-PM,coef(a)_Acu-MLP-PM,rsquared_Acu-MLP-PM,Standard Error_Acu-MLP-PM,coef(b)_Acu-MLP-PM,coef(a)_Pd-MLP-LM,rsquared_Pd-MLP-LM,Standard Error_Pd-MLP-LM,coef(b)_Pd-MLP-LM,coef(a)_Acu-Pd-MLP-LM,rsquared_Acu-Pd-MLP-LM,Standard Error_Acu-Pd-MLP-LM,coef(b)_Acu-Pd-MLP-LM,coef(a)_6am-MLP-LM,rsquared_6am-MLP-LM,Standard Error_6am-MLP-LM,coef(b)_6am-MLP-LM,coef(a)_Acu-6am-MLP-LM,rsquared_Acu-6am-MLP-LM,Standard Error_Acu-6am-MLP-LM,coef(b)_Acu-6am-MLP-LM
0,1.0,0.45309614896490524,0.42010424987701955,0.04819554092839137,0.02400944685853216,1.3924484452759773,0.9488411358095636,0.029272708202822677,-0.268596803338255,0.7380372384749423,0.3619244271495693,0.0887208045581294,0.016901339612433355,1.4196453781060068,0.9391244480817138,0.03272350692023296,-0.3504014495847117,0.0017417313865684357,0.004922065142280996,0.0022421059552030845,0.00030282846483796434,0.17564634098077478,0.8366224961918296,0.00702733327710852,-0.14318574209379858,0.22549218666663873,0.23285669003062737,0.03705488543610266,0.024302639849042674,1.1696671420595612,0.9643995332471352,0.020346125744526274,-0.4191364983555006,0.255998149573072,0.24853360829042037,0.040301306787555426,0.023959588272735026,1.1249795798517574,0.9968014517368665,0.004113496589589076,0.11281470170727984,0.4632956939731997,0.4321901247343123,0.04807755555772291,0.020639011211976706,1.2598523269769886,0.9404777488725475,0.028694928038527176,-0.29655098585593465
