,Pruebas,coef(a)_6am-MLP,rsquared_6am-MLP,Standard Error_6am-MLP,coef(b)_6am-MLP,coef(a)_Acu-6am-MLP,rsquared_Acu-6am-MLP,Standard Error_Acu-6am-MLP,coef(b)_Acu-6am-MLP,coef(a)_6am-Beysens,rsquared_6am-Beysens,Standard Error_6am-Beysens,coef(b)_6am-Beysens,coef(a)_Acu-6am-Beysens,rsquared_Acu-6am-Beysens,Standard Error_Acu-6am-Beysens,coef(b)_Acu-6am-Beysens,coef(a)_Beysens-PM,rsquared_Beysens-PM,Standard Error_Beysens-PM,coef(b)_Beysens-PM,coef(a)_Acu-Beysens-PM,rsquared_Acu-Beysens-PM,Standard Error_Acu-Beysens-PM,coef(b)_Acu-Beysens-PM,coef(a)_MLP-PM,rsquared_MLP-PM,Standard Error_MLP-PM,coef(b)_MLP-PM,coef(a)_Acu-MLP-PM,rsquared_Acu-MLP-PM,Standard Error_Acu-MLP-PM,coef(b)_Acu-MLP-PM,coef(a)_6a-MLP-LM,rsquared_6a-MLP-LM,Standard Error_6a-MLP-LM,coef(b)_6a-MLP-LM,coef(a)_Acu-6am-MLP-LM,rsquared_Acu-6am-MLP-LM,Standard Error_Acu-6am-MLP-LM,coef(b)_Acu-6am-MLP-LM,coef(a)_Pd-MLP-LM,rsquared_Pd-MLP-LM,Standard Error_Pd-MLP-LM,coef(b)_Pd-MLP-LM,coef(a)_Acu-Pd-MLP-LM,rsquared_Acu-Pd-MLP-LM,Standard Error_Acu-Pd-MLP-LM,coef(b)_Acu-Pd-MLP-LM
0,4.0,0.3171687614981745,0.21481434891033624,0.05489907420650711,0.030083961708220714,1.361129941233334,0.9718252458596854,0.020982423608523437,-0.16428736059575494,0.6367665216414395,0.29619339532065314,0.08886674857610712,0.014920443970052821,1.2006167666963161,0.978164851034502,0.0162403932712957,-0.3662645867457225,0.0034870515816387095,0.03388593504851389,0.0016857102270620898,-0.0025539097759395557,0.11410049667708431,0.7496642670793511,0.005969468115727078,-0.10228571823806029,0.1548487716333575,0.06529948935287078,0.05304071538049274,0.029310204477951015,1.1338496363135282,0.9708471960887625,0.017788538788611877,-0.009195236870984731,0.2119862449745921,0.1338318897928178,0.048825763550401566,0.029071336473516993,1.2407947956927972,0.9898590709562003,0.008106745323214443,-0.2535404300241278,0.33706593214756836,0.26312038498642387,0.051068832819827825,0.02295459805859179,1.10891793826269,0.9735844311637412,0.01653722617076683,-0.10084680991260413
