,Pruebas,coef(a)_6am-MLP,rsquared_6am-MLP,Standard Error_6am-MLP,coef(b)_6am-MLP,coef(a)_Acu-6am-MLP,rsquared_Acu-6am-MLP,Standard Error_Acu-6am-MLP,coef(b)_Acu-6am-MLP,coef(a)_6am-Beysens,rsquared_6am-Beysens,Standard Error_6am-Beysens,coef(b)_6am-Beysens,coef(a)_Acu-6am-Beysens,rsquared_Acu-6am-Beysens,Standard Error_Acu-6am-Beysens,coef(b)_Acu-6am-Beysens,coef(a)_Beysens-PM,rsquared_Beysens-PM,Standard Error_Beysens-PM,coef(b)_Beysens-PM,coef(a)_Acu-Beysens-PM,rsquared_Acu-Beysens-PM,Standard Error_Acu-Beysens-PM,coef(b)_Acu-Beysens-PM,coef(a)_MLP-PM,rsquared_MLP-PM,Standard Error_MLP-PM,coef(b)_MLP-PM,coef(a)_Acu-MLP-PM,rsquared_Acu-MLP-PM,Standard Error_Acu-MLP-PM,coef(b)_Acu-MLP-PM
0,1.0,0.48935646811455014,0.4041419559003985,0.05379598344874321,0.021235745005939943,1.0558420664058987,0.9887122885130321,0.010213792460829917,-0.025801902942846386,0.6418600622029136,0.36812347661074285,0.07613420042552528,0.01685656623992076,1.1739979901116024,0.9862210387312845,0.012563439313298607,-0.1907029264112096,0.002577961485052096,0.01752625080786785,0.0017474810536846365,-0.00027864059969981447,0.1184010725236096,0.906357568796337,0.0034455795286870926,-0.02520872030185733,0.30523267924912545,0.25898472082863666,0.04674419294786547,0.020106967657002407,0.8631362158633613,0.9869256180785447,0.00899430889051824,-0.030013978644531716
