,Pruebas,coef(a)_6am-MLP,rsquared_6am-MLP,Standard Error_6am-MLP,coef(b)_6am-MLP,coef(a)_Acu-6am-MLP,rsquared_Acu-6am-MLP,Standard Error_Acu-6am-MLP,coef(b)_Acu-6am-MLP,coef(a)_6am-Beysens,rsquared_6am-Beysens,Standard Error_6am-Beysens,coef(b)_6am-Beysens,coef(a)_Acu-6am-Beysens,rsquared_Acu-6am-Beysens,Standard Error_Acu-6am-Beysens,coef(b)_Acu-6am-Beysens,coef(a)_Beysens-PM,rsquared_Beysens-PM,Standard Error_Beysens-PM,coef(b)_Beysens-PM,coef(a)_Acu-Beysens-PM,rsquared_Acu-Beysens-PM,Standard Error_Acu-Beysens-PM,coef(b)_Acu-Beysens-PM,coef(a)_MLP-PM,rsquared_MLP-PM,Standard Error_MLP-PM,coef(b)_MLP-PM,coef(a)_Acu-MLP-PM,rsquared_Acu-MLP-PM,Standard Error_Acu-MLP-PM,coef(b)_Acu-MLP-PM,coef(a)_Pd-MLP-LM,rsquared_Pd-MLP-LM,Standard Error_Pd-MLP-LM,coef(b)_Pd-MLP-LM,coef(a)_Acu-Pd-MLP-LM,rsquared_Acu-Pd-MLP-LM,Standard Error_Acu-Pd-MLP-LM,coef(b)_Acu-Pd-MLP-LM,coef(a)_6am-MLP-LM,rsquared_6am-MLP-LM,Standard Error_6am-MLP-LM,coef(b)_6am-MLP-LM,coef(a)_Acu-6am-MLP-LM,rsquared_Acu-6am-MLP-LM,Standard Error_Acu-6am-MLP-LM,coef(b)_Acu-6am-MLP-LM
0,9.0,0.19323068928874954,0.14058699938704267,0.043253834547648015,0.02511301336125439,1.1290904678833096,0.9342941971719949,0.027108710649750095,-0.41510864877708964,0.6129454126235774,0.45987054834424523,0.06014132814230043,0.007402602063701828,0.9712452389167983,0.9832959252410416,0.011460883034978301,-0.1866846293118495,-0.0003712985094525331,0.002726389393379103,0.0006429193726148987,0.001624001967587141,0.04099917349363537,0.8611131956226544,0.0014907182111955437,-0.011872995050824002,0.23131684527816823,0.28099770373023936,0.033499714326114635,0.029822931534001687,1.4393859680467656,0.9218479786949288,0.037943536143472074,-0.7272787250042099,0.20125455352271918,0.2627275351889611,0.03052298175250865,0.028545047829913035,1.1618057140198688,0.9932900370923939,0.006163819393061414,-0.2930928608662147,0.23562966379908387,0.22760380887033882,0.039298893556667915,0.02095696144175612,1.0251344502036221,0.9467723329701963,0.02200629077725555,-0.33766245750459156
