,Pruebas,coef(a)_6am-MLP,rsquared_6am-MLP,Standard Error_6am-MLP,coef(b)_6am-MLP,coef(a)_Acu-6am-MLP,rsquared_Acu-6am-MLP,Standard Error_Acu-6am-MLP,coef(b)_Acu-6am-MLP,coef(a)_6am-Beysens,rsquared_6am-Beysens,Standard Error_6am-Beysens,coef(b)_6am-Beysens,coef(a)_Acu-6am-Beysens,rsquared_Acu-6am-Beysens,Standard Error_Acu-6am-Beysens,coef(b)_Acu-6am-Beysens,coef(a)_Beysens-PM,rsquared_Beysens-PM,Standard Error_Beysens-PM,coef(b)_Beysens-PM,coef(a)_Acu-Beysens-PM,rsquared_Acu-Beysens-PM,Standard Error_Acu-Beysens-PM,coef(b)_Acu-Beysens-PM,coef(a)_MLP-PM,rsquared_MLP-PM,Standard Error_MLP-PM,coef(b)_MLP-PM,coef(a)_Acu-MLP-PM,rsquared_Acu-MLP-PM,Standard Error_Acu-MLP-PM,coef(b)_Acu-MLP-PM,coef(a)_Pd-MLP-LM,rsquared_Pd-MLP-LM,Standard Error_Pd-MLP-LM,coef(b)_Pd-MLP-LM,coef(a)_Acu-Pd-MLP-LM,rsquared_Acu-Pd-MLP-LM,Standard Error_Acu-Pd-MLP-LM,coef(b)_Acu-Pd-MLP-LM,coef(a)_6am-MLP-LM,rsquared_6am-MLP-LM,Standard Error_6am-MLP-LM,coef(b)_6am-MLP-LM,coef(a)_Acu-6am-MLP-LM,rsquared_Acu-6am-MLP-LM,Standard Error_Acu-6am-MLP-LM,coef(b)_Acu-6am-MLP-LM
0,2.0,0.3431835451673767,0.26101966520016306,0.05227889543412269,0.03434970460562137,1.2877947220548027,0.9847690190492625,0.014499848813236753,0.47559425591167276,0.6053276395592413,0.2717257242564275,0.08972070895328227,0.026858755729890937,1.4716803388954474,0.97238187178457,0.022454959002202263,0.29974479293737655,-0.0004768245252499963,0.0005980968111212182,0.001764668007922146,0.005091829046902516,0.1203050316253673,0.894687328653217,0.003736874800577301,0.11357815282401405,0.1406876467046011,0.10384088999981589,0.03741833162759586,0.02924488857874456,0.982965458972161,0.9783596071998877,0.01323553968640041,0.4396405998264781,0.16905457346368571,0.19483969741292662,0.031113543272037338,0.029147891799648027,1.1773584014576373,0.9968239077004358,0.0042898331511064345,-0.07722685459445738,0.37597280603228533,0.3330605941283459,0.0481679404959187,0.030165068713765286,1.2104974960028017,0.9844170389833671,0.01378857578087883,0.4371798960467794
