,Pruebas,coef(a)_6am-MLP,rsquared_6am-MLP,Standard Error_6am-MLP,coef(b)_6am-MLP,coef(a)_Acu-6am-MLP,rsquared_Acu-6am-MLP,Standard Error_Acu-6am-MLP,coef(b)_Acu-6am-MLP,coef(a)_6am-Beysens,rsquared_6am-Beysens,Standard Error_6am-Beysens,coef(b)_6am-Beysens,coef(a)_Acu-6am-Beysens,rsquared_Acu-6am-Beysens,Standard Error_Acu-6am-Beysens,coef(b)_Acu-6am-Beysens,coef(a)_Beysens-PM,rsquared_Beysens-PM,Standard Error_Beysens-PM,coef(b)_Beysens-PM,coef(a)_Acu-Beysens-PM,rsquared_Acu-Beysens-PM,Standard Error_Acu-Beysens-PM,coef(b)_Acu-Beysens-PM,coef(a)_MLP-PM,rsquared_MLP-PM,Standard Error_MLP-PM,coef(b)_MLP-PM,coef(a)_Acu-MLP-PM,rsquared_Acu-MLP-PM,Standard Error_Acu-MLP-PM,coef(b)_Acu-MLP-PM
0,1.0,0.5563318187044524,0.4182389504211932,0.059403774950912654,0.0191295001859259,0.9893265062970164,0.988993557130014,0.009449013921571435,0.10855227970530104,0.5102476213211009,0.2617916520392852,0.07757336889650297,0.010713429231775913,0.888094699142298,0.9476160765741337,0.018904368047057845,-0.3859814813617607,0.0005227390707384732,0.0017907433314041654,0.0011173755686903315,0.0005991770163298555,0.05987728031311037,0.760247726465398,0.003044289521021904,-0.037781406538948195,0.173322403234613,0.11172495367126689,0.04424593694461266,0.019688914284818157,0.6722536428144095,0.9847292271363041,0.007579234501360235,0.019279038380217793
