,Pruebas,coef(a)_6am-MLP,rsquared_6am-MLP,Standard Error_6am-MLP,coef(b)_6am-MLP,coef(a)_Acu-6am-MLP,rsquared_Acu-6am-MLP,Standard Error_Acu-6am-MLP,coef(b)_Acu-6am-MLP,coef(a)_6am-Beysens,rsquared_6am-Beysens,Standard Error_6am-Beysens,coef(b)_6am-Beysens,coef(a)_Acu-6am-Beysens,rsquared_Acu-6am-Beysens,Standard Error_Acu-6am-Beysens,coef(b)_Acu-6am-Beysens,coef(a)_Beysens-PM,rsquared_Beysens-PM,Standard Error_Beysens-PM,coef(b)_Beysens-PM,coef(a)_Acu-Beysens-PM,rsquared_Acu-Beysens-PM,Standard Error_Acu-Beysens-PM,coef(b)_Acu-Beysens-PM,coef(a)_MLP-PM,rsquared_MLP-PM,Standard Error_MLP-PM,coef(b)_MLP-PM,coef(a)_Acu-MLP-PM,rsquared_Acu-MLP-PM,Standard Error_Acu-MLP-PM,coef(b)_Acu-MLP-PM,coef(a)_Pd-MLP-LM,rsquared_Pd-MLP-LM,Standard Error_Pd-MLP-LM,coef(b)_Pd-MLP-LM,coef(a)_Acu-Pd-MLP-LM,rsquared_Acu-Pd-MLP-LM,Standard Error_Acu-Pd-MLP-LM,coef(b)_Acu-Pd-MLP-LM,coef(a)_6am-MLP-LM,rsquared_6am-MLP-LM,Standard Error_6am-MLP-LM,coef(b)_6am-MLP-LM,coef(a)_Acu-6am-MLP-LM,rsquared_Acu-6am-MLP-LM,Standard Error_Acu-6am-MLP-LM,coef(b)_Acu-6am-MLP-LM
0,2.0,0.4807547117604275,0.4112620572988632,0.052076924436623685,0.01795769492189139,1.1282367703180343,0.9876497859930442,0.011422366479937808,-0.28003728941501244,0.6307586224602577,0.2968041754896934,0.0878995029285901,0.018101733777046998,1.2809798219801394,0.9837034698115488,0.014927182568961856,-0.23946401647187449,-0.0013516798134090722,0.028286453214637408,0.0007172553452814535,0.0042919273229682356,0.0333082861114382,0.7363020185684529,0.0018046699144380093,0.07873907273703393,0.1869418554162025,0.15223769911317386,0.039939495417433815,0.02264005026618926,0.8989041733439491,0.989747086033531,0.008283140386975611,0.03396436093869606,0.2151589579445125,0.20663100352493247,0.03816975600393271,0.022395508516412824,0.9739470308563365,0.9956633818482611,0.0041490535552282945,-0.02839180328934872,0.43659379666606934,0.4315296626011077,0.04536764604629838,0.017894320548951362,1.0736144271871562,0.9870788244439755,0.01112099179931284,-0.2711949343814664
