,Pruebas,coef(a)_6am-MLP,rsquared_6am-MLP,Standard Error_6am-MLP,coef(b)_6am-MLP,coef(a)_Acu-6am-MLP,rsquared_Acu-6am-MLP,Standard Error_Acu-6am-MLP,coef(b)_Acu-6am-MLP,coef(a)_6am-Beysens,rsquared_6am-Beysens,Standard Error_6am-Beysens,coef(b)_6am-Beysens,coef(a)_Acu-6am-Beysens,rsquared_Acu-6am-Beysens,Standard Error_Acu-6am-Beysens,coef(b)_Acu-6am-Beysens,coef(a)_Beysens-PM,rsquared_Beysens-PM,Standard Error_Beysens-PM,coef(b)_Beysens-PM,coef(a)_Acu-Beysens-PM,rsquared_Acu-Beysens-PM,Standard Error_Acu-Beysens-PM,coef(b)_Acu-Beysens-PM,coef(a)_MLP-PM,rsquared_MLP-PM,Standard Error_MLP-PM,coef(b)_MLP-PM,coef(a)_Acu-MLP-PM,rsquared_Acu-MLP-PM,Standard Error_Acu-MLP-PM,coef(b)_Acu-MLP-PM,coef(a)_6a-MLP-LM,rsquared_6a-MLP-LM,Standard Error_6a-MLP-LM,coef(b)_6a-MLP-LM,coef(a)_Acu-6am-MLP-LM,rsquared_Acu-6am-MLP-LM,Standard Error_Acu-6am-MLP-LM,coef(b)_Acu-6am-MLP-LM,coef(a)_Pd-MLP-LM,rsquared_Pd-MLP-LM,Standard Error_Pd-MLP-LM,coef(b)_Pd-MLP-LM,coef(a)_Acu-Pd-MLP-LM,rsquared_Acu-Pd-MLP-LM,Standard Error_Acu-Pd-MLP-LM,coef(b)_Acu-Pd-MLP-LM
0,1.0,0.12323080159128603,0.05947211597226998,0.044367849159599876,0.027412306902935193,1.0395514438129647,0.9823593155380055,0.012612134766977416,-0.060669352577050036,0.5515341749857116,0.302027159551881,0.07590821436269661,0.013724684318128177,0.9251153483995858,0.979076196615365,0.012244133048756375,-0.021063969257051077,0.0006900026291928515,0.0015617625982101702,0.0015795156152317467,0.001507857740369144,0.11243233622608291,0.8824619002577467,0.0037149474100406726,-0.04329117316920027,0.19094120765212763,0.1157522393610787,0.04777955526835182,0.03312558578390916,1.347539619457709,0.9833890800911372,0.015856078198820303,0.06712449976159651,0.2673791429757089,0.22627882774099295,0.04476287063225254,0.029113509206416338,1.106333363959462,0.9910443029605097,0.006788652072679453,0.3505737997509952,0.1948761336914081,0.15776723550740013,0.04076490448965517,0.023848015983112533,0.9939770901399994,0.9852068191939423,0.011027156546034936,-0.06744010533499019
