,Pruebas,coef(a)_6am-MLP,rsquared_6am-MLP,Standard Error_6am-MLP,coef(b)_6am-MLP,coef(a)_Acu-6am-MLP,rsquared_Acu-6am-MLP,Standard Error_Acu-6am-MLP,coef(b)_Acu-6am-MLP,coef(a)_6am-Beysens,rsquared_6am-Beysens,Standard Error_6am-Beysens,coef(b)_6am-Beysens,coef(a)_Acu-6am-Beysens,rsquared_Acu-6am-Beysens,Standard Error_Acu-6am-Beysens,coef(b)_Acu-6am-Beysens,coef(a)_Beysens-PM,rsquared_Beysens-PM,Standard Error_Beysens-PM,coef(b)_Beysens-PM,coef(a)_Acu-Beysens-PM,rsquared_Acu-Beysens-PM,Standard Error_Acu-Beysens-PM,coef(b)_Acu-Beysens-PM,coef(a)_MLP-PM,rsquared_MLP-PM,Standard Error_MLP-PM,coef(b)_MLP-PM,coef(a)_Acu-MLP-PM,rsquared_Acu-MLP-PM,Standard Error_Acu-MLP-PM,coef(b)_Acu-MLP-PM,coef(a)_Pd-MLP-LM,rsquared_Pd-MLP-LM,Standard Error_Pd-MLP-LM,coef(b)_Pd-MLP-LM,coef(a)_Acu-Pd-MLP-LM,rsquared_Acu-Pd-MLP-LM,Standard Error_Acu-Pd-MLP-LM,coef(b)_Acu-Pd-MLP-LM,coef(a)_6am-MLP-LM,rsquared_6am-MLP-LM,Standard Error_6am-MLP-LM,coef(b)_6am-MLP-LM,coef(a)_Acu-6am-MLP-LM,rsquared_Acu-6am-MLP-LM,Standard Error_Acu-6am-MLP-LM,coef(b)_Acu-6am-MLP-LM
0,4.0,0.37242756721043774,0.40688868724277005,0.04070916762318764,0.020078089732255503,0.8900020266002352,0.9859074721335067,0.009633574349961652,0.2918107002754341,0.5853453814813981,0.337876455451689,0.07418614970369629,0.017232204941791437,1.063996507975316,0.9782956679647193,0.014348233458347764,0.4235576220416644,-0.0012948382626071621,0.005461543928965806,0.0015819351784333426,0.006250063080759738,0.13664665523165886,0.8866746959953082,0.004422831351037487,0.03734155443704345,0.3695255095944917,0.30219667046390364,0.05083773856563528,0.023728695799272462,1.1227295338480348,0.986138776916936,0.012051108321278913,-0.059945613403279724,0.3177826878546907,0.29695103408844825,0.04426909542730241,0.022670160432063446,0.9660182595003716,0.9909891336287372,0.005946049812666631,0.19342887008670612,0.3204157973619325,0.34741204123749714,0.03975859867622099,0.018953029774079165,0.8044697570528527,0.9843455678793356,0.009184905027399035,0.21934548560675513
