,Pruebas,coef(a)_6am-MLP,rsquared_6am-MLP,Standard Error_6am-MLP,coef(b)_6am-MLP,coef(a)_Acu-6am-MLP,rsquared_Acu-6am-MLP,Standard Error_Acu-6am-MLP,coef(b)_Acu-6am-MLP,coef(a)_6am-Beysens,rsquared_6am-Beysens,Standard Error_6am-Beysens,coef(b)_6am-Beysens,coef(a)_Acu-6am-Beysens,rsquared_Acu-6am-Beysens,Standard Error_Acu-6am-Beysens,coef(b)_Acu-6am-Beysens,coef(a)_Beysens-PM,rsquared_Beysens-PM,Standard Error_Beysens-PM,coef(b)_Beysens-PM,coef(a)_Acu-Beysens-PM,rsquared_Acu-Beysens-PM,Standard Error_Acu-Beysens-PM,coef(b)_Acu-Beysens-PM,coef(a)_MLP-PM,rsquared_MLP-PM,Standard Error_MLP-PM,coef(b)_MLP-PM,coef(a)_Acu-MLP-PM,rsquared_Acu-MLP-PM,Standard Error_Acu-MLP-PM,coef(b)_Acu-MLP-PM,coef(a)_Pd-MLP-LM,rsquared_Pd-MLP-LM,Standard Error_Pd-MLP-LM,coef(b)_Pd-MLP-LM,coef(a)_Acu-Pd-MLP-LM,rsquared_Acu-Pd-MLP-LM,Standard Error_Acu-Pd-MLP-LM,coef(b)_Acu-Pd-MLP-LM,coef(a)_6am-MLP-LM,rsquared_6am-MLP-LM,Standard Error_6am-MLP-LM,coef(b)_6am-MLP-LM,coef(a)_Acu-6am-MLP-LM,rsquared_Acu-6am-MLP-LM,Standard Error_Acu-6am-MLP-LM,coef(b)_Acu-6am-MLP-LM
0,5.0,0.34297742163490486,0.290692942289662,0.048504884080177064,0.02660629120982084,1.2872979313506527,0.9678950568413593,0.021226137440496406,-0.46684938451125385,0.6434782261055513,0.31028096467745514,0.08685853101251449,0.018421167296691986,1.2544025340756346,0.9476510700700899,0.02669234214205246,-0.526890688184265,0.00015135225271107255,8.143189401610407e-05,0.0015184273668294372,0.0035566376160941727,0.10310486391301338,0.9138187612643627,0.002866655924077086,-0.00856338379752982,0.21689472065263674,0.29391091914451084,0.03043623676572734,0.02733976364397884,1.0964154592240334,0.9816837773893135,0.013558991360671279,-0.2948923585592672,0.2570651895079224,0.3493692783506187,0.031760569606935796,0.02574138358051801,1.2004410437945556,0.9883563173863095,0.008410535001327416,-0.06131548707684205,0.32992335605912787,0.32851815465520273,0.04270420280296021,0.0223625244927342,1.1233525151943433,0.9721599686589587,0.01721084292476306,-0.4151583761755209
