,Pruebas,coef(a)_6am-MLP,rsquared_6am-MLP,Standard Error_6am-MLP,coef(b)_6am-MLP,coef(a)_Acu-6am-MLP,rsquared_Acu-6am-MLP,Standard Error_Acu-6am-MLP,coef(b)_Acu-6am-MLP,coef(a)_6am-Beysens,rsquared_6am-Beysens,Standard Error_6am-Beysens,coef(b)_6am-Beysens,coef(a)_Acu-6am-Beysens,rsquared_Acu-6am-Beysens,Standard Error_Acu-6am-Beysens,coef(b)_Acu-6am-Beysens,coef(a)_Beysens-PM,rsquared_Beysens-PM,Standard Error_Beysens-PM,coef(b)_Beysens-PM,coef(a)_Acu-Beysens-PM,rsquared_Acu-Beysens-PM,Standard Error_Acu-Beysens-PM,coef(b)_Acu-Beysens-PM,coef(a)_MLP-PM,rsquared_MLP-PM,Standard Error_MLP-PM,coef(b)_MLP-PM,coef(a)_Acu-MLP-PM,rsquared_Acu-MLP-PM,Standard Error_Acu-MLP-PM,coef(b)_Acu-MLP-PM
0,1.0,0.5496877374837843,0.5008428815432986,0.0496825679558359,0.015992423733446223,1.0522105635407026,0.9884947406655905,0.010277411987874258,0.047197347166065516,0.8636528773601868,0.48034923925511486,0.08132733458702497,0.011708182618428348,1.2489400499569139,0.9884931472052911,0.012199811608367705,-0.09870834391903888,0.0010708234394270718,0.0019624902438210023,0.0021862893155403886,0.003769630595643372,0.23097979526380386,0.9326198595036211,0.005620923869778688,-0.11994449807338993,0.3842983024114702,0.3061623164367633,0.0523771250653217,0.023005641037099248,1.1286873859624014,0.9823147959631584,0.013711136401177949,-0.0152365607033308
