,Pruebas,coef(a)_6am-MLP,rsquared_6am-MLP,Standard Error_6am-MLP,coef(b)_6am-MLP,coef(a)_Acu-6am-MLP,rsquared_Acu-6am-MLP,Standard Error_Acu-6am-MLP,coef(b)_Acu-6am-MLP,coef(a)_6am-Beysens,rsquared_6am-Beysens,Standard Error_6am-Beysens,coef(b)_6am-Beysens,coef(a)_Acu-6am-Beysens,rsquared_Acu-6am-Beysens,Standard Error_Acu-6am-Beysens,coef(b)_Acu-6am-Beysens,coef(a)_Beysens-PM,rsquared_Beysens-PM,Standard Error_Beysens-PM,coef(b)_Beysens-PM,coef(a)_Acu-Beysens-PM,rsquared_Acu-Beysens-PM,Standard Error_Acu-Beysens-PM,coef(b)_Acu-Beysens-PM,coef(a)_MLP-PM,rsquared_MLP-PM,Standard Error_MLP-PM,coef(b)_MLP-PM,coef(a)_Acu-MLP-PM,rsquared_Acu-MLP-PM,Standard Error_Acu-MLP-PM,coef(b)_Acu-MLP-PM
0,1.0,0.525585863203389,0.2637696307751338,0.07949836505789104,0.028396812620887557,1.7381384356611522,0.9853616290596571,0.01918019418414288,0.32268728889456033,0.6094486056500423,0.21302057017727927,0.1060542535201796,0.02359789524757868,1.495528132772514,0.9786832017345639,0.01998271950571101,0.4809215744689012,-0.0005725008321814931,0.000371255046854313,0.0026895485722966384,0.006997831335494923,0.24713385257707526,0.901653476849693,0.007389448023602401,0.07697862037862839,0.4981722273609664,0.23569308758081697,0.08121945397509167,0.02712102211752731,1.558250916460152,0.9873006170221217,0.016000151034628134,0.2862978587796621
