,Pruebas,coef(a)_6am-MLP,rsquared_6am-MLP,Standard Error_6am-MLP,coef(b)_6am-MLP,coef(a)_Acu-6am-MLP,rsquared_Acu-6am-MLP,Standard Error_Acu-6am-MLP,coef(b)_Acu-6am-MLP,coef(a)_6am-Beysens,rsquared_6am-Beysens,Standard Error_6am-Beysens,coef(b)_6am-Beysens,coef(a)_Acu-6am-Beysens,rsquared_Acu-6am-Beysens,Standard Error_Acu-6am-Beysens,coef(b)_Acu-6am-Beysens,coef(a)_Beysens-PM,rsquared_Beysens-PM,Standard Error_Beysens-PM,coef(b)_Beysens-PM,coef(a)_Acu-Beysens-PM,rsquared_Acu-Beysens-PM,Standard Error_Acu-Beysens-PM,coef(b)_Acu-Beysens-PM,coef(a)_MLP-PM,rsquared_MLP-PM,Standard Error_MLP-PM,coef(b)_MLP-PM,coef(a)_Acu-MLP-PM,rsquared_Acu-MLP-PM,Standard Error_Acu-MLP-PM,coef(b)_Acu-MLP-PM
0,1.0,0.7437891130977066,0.40623800027502766,0.08141151186512856,0.015556861863927962,1.3750712289711338,0.9838069477026585,0.015971830645828515,0.17679534950688225,0.6751412754201416,0.33083559256584005,0.08693107450677388,0.011789780108015119,1.1911351339187255,0.9762679737430262,0.016813727645814493,0.012665009516511588,0.004004178815396027,0.032428832254440376,0.001980201350749491,-0.0032933417755535268,0.12428759515175994,0.7556775883967929,0.006398250682502421,-0.11564004875550586,0.2547247691190524,0.10657800529863992,0.06677068711214985,0.025452220315716104,1.2753616535524976,0.9825292173085333,0.015397027476411824,-0.14603635670822204
