,Pruebas,coef(a)_6am-MLP,rsquared_6am-MLP,Standard Error_6am-MLP,coef(b)_6am-MLP,coef(a)_Acu-6am-MLP,rsquared_Acu-6am-MLP,Standard Error_Acu-6am-MLP,coef(b)_Acu-6am-MLP,coef(a)_6am-Beysens,rsquared_6am-Beysens,Standard Error_6am-Beysens,coef(b)_6am-Beysens,coef(a)_Acu-6am-Beysens,rsquared_Acu-6am-Beysens,Standard Error_Acu-6am-Beysens,coef(b)_Acu-6am-Beysens,coef(a)_Beysens-PM,rsquared_Beysens-PM,Standard Error_Beysens-PM,coef(b)_Beysens-PM,coef(a)_Acu-Beysens-PM,rsquared_Acu-Beysens-PM,Standard Error_Acu-Beysens-PM,coef(b)_Acu-Beysens-PM,coef(a)_MLP-PM,rsquared_MLP-PM,Standard Error_MLP-PM,coef(b)_MLP-PM,coef(a)_Acu-MLP-PM,rsquared_Acu-MLP-PM,Standard Error_Acu-MLP-PM,coef(b)_Acu-MLP-PM
0,1.0,0.39089302720292424,0.3403020873663346,0.04927405193569957,0.01802727403642355,0.9511398696479538,0.9889290594628481,0.009111170203005713,-0.05558302504524995,0.6899184376316955,0.4074050802574255,0.07533270773841647,0.016736966136088355,1.173239069123142,0.988462256357015,0.011475906429351713,0.12764130803027382,0.0027137136654098045,0.021378789932187447,0.0016622634604568321,-0.00163821992610311,0.11027223607562123,0.7728812328477244,0.005411982653978201,-0.10175136328297775,0.30121451043780595,0.32963489690429204,0.03888974392263839,0.022411424477612248,1.0547783137422178,0.9851288438478844,0.011732947505363725,-0.007521652107784951
