,Pruebas,coef(a)_6am-MLP,rsquared_6am-MLP,Standard Error_6am-MLP,coef(b)_6am-MLP,coef(a)_Acu-6am-MLP,rsquared_Acu-6am-MLP,Standard Error_Acu-6am-MLP,coef(b)_Acu-6am-MLP,coef(a)_6am-Beysens,rsquared_6am-Beysens,Standard Error_6am-Beysens,coef(b)_6am-Beysens,coef(a)_Acu-6am-Beysens,rsquared_Acu-6am-Beysens,Standard Error_Acu-6am-Beysens,coef(b)_Acu-6am-Beysens,coef(a)_Beysens-PM,rsquared_Beysens-PM,Standard Error_Beysens-PM,coef(b)_Beysens-PM,coef(a)_Acu-Beysens-PM,rsquared_Acu-Beysens-PM,Standard Error_Acu-Beysens-PM,coef(b)_Acu-Beysens-PM,coef(a)_MLP-PM,rsquared_MLP-PM,Standard Error_MLP-PM,coef(b)_MLP-PM,coef(a)_Acu-MLP-PM,rsquared_Acu-MLP-PM,Standard Error_Acu-MLP-PM,coef(b)_Acu-MLP-PM
0,1.0,0.5525356692867609,0.3821792485201493,0.06360307708143613,0.017471202745421462,0.9690596227072109,0.9576663542889039,0.018446174021131564,0.64134226783875,0.4857133841877001,0.2635315980933052,0.07351244489882014,0.021597027661354497,1.0530203688409585,0.9249530528199931,0.027155857854005806,0.6121834065169942,-0.001147752120907413,0.003999484503500184,0.001639819177101347,0.005395447755973415,0.09702405786588143,0.6163482584887171,0.006930347625503539,0.10824173642390789,0.3411424609960579,0.3294325562525615,0.04406500615559132,0.022376905354128944,1.0098285124537145,0.9570723573062845,0.019362607651302165,0.34608271936566704
