,Pruebas,coef(a)_6am-MLP,rsquared_6am-MLP,Standard Error_6am-MLP,coef(b)_6am-MLP,coef(a)_Acu-6am-MLP,rsquared_Acu-6am-MLP,Standard Error_Acu-6am-MLP,coef(b)_Acu-6am-MLP,coef(a)_6am-Beysens,rsquared_6am-Beysens,Standard Error_6am-Beysens,coef(b)_6am-Beysens,coef(a)_Acu-6am-Beysens,rsquared_Acu-6am-Beysens,Standard Error_Acu-6am-Beysens,coef(b)_Acu-6am-Beysens,coef(a)_Beysens-PM,rsquared_Beysens-PM,Standard Error_Beysens-PM,coef(b)_Beysens-PM,coef(a)_Acu-Beysens-PM,rsquared_Acu-Beysens-PM,Standard Error_Acu-Beysens-PM,coef(b)_Acu-Beysens-PM,coef(a)_MLP-PM,rsquared_MLP-PM,Standard Error_MLP-PM,coef(b)_MLP-PM,coef(a)_Acu-MLP-PM,rsquared_Acu-MLP-PM,Standard Error_Acu-MLP-PM,coef(b)_Acu-MLP-PM
0,1.0,0.4584334782359702,0.40920778603933405,0.04987028719365328,0.016772259154882473,0.9009352488598407,0.9839847525191417,0.010406059543997643,0.01196757564592578,0.540444444504854,0.3022404604535659,0.07434430944154205,0.015270147164609928,0.8595515865285503,0.9784759072865576,0.011541955343001975,0.2461265335761203,-0.0009932547965396123,0.0021621231061574875,0.0019318372648433676,0.007181099690880948,0.16535385665834088,0.9420762214648084,0.0037121014307358005,0.023044290841400895,0.3411789671950324,0.3694133910818379,0.04035695799224097,0.020040209164688835,0.8682935846518739,0.989175453067727,0.008223465528379431,0.12471346199641775
