,Pruebas,coef(a)_6am-MLP,rsquared_6am-MLP,Standard Error_6am-MLP,coef(b)_6am-MLP,coef(a)_Acu-6am-MLP,rsquared_Acu-6am-MLP,Standard Error_Acu-6am-MLP,coef(b)_Acu-6am-MLP,coef(a)_6am-Beysens,rsquared_6am-Beysens,Standard Error_6am-Beysens,coef(b)_6am-Beysens,coef(a)_Acu-6am-Beysens,rsquared_Acu-6am-Beysens,Standard Error_Acu-6am-Beysens,coef(b)_Acu-6am-Beysens,coef(a)_Beysens-PM,rsquared_Beysens-PM,Standard Error_Beysens-PM,coef(b)_Beysens-PM,coef(a)_Acu-Beysens-PM,rsquared_Acu-Beysens-PM,Standard Error_Acu-Beysens-PM,coef(b)_Acu-Beysens-PM,coef(a)_MLP-PM,rsquared_MLP-PM,Standard Error_MLP-PM,coef(b)_MLP-PM,coef(a)_Acu-MLP-PM,rsquared_Acu-MLP-PM,Standard Error_Acu-MLP-PM,coef(b)_Acu-MLP-PM
0,1.0,0.656482898356403,0.3912314013434709,0.0741400364953495,0.02485542692560751,1.5225208216653918,0.9924326323939322,0.012036638618572775,0.044413242578024856,0.9485511367528361,0.4338738051143013,0.09809700391789983,0.019974951548570076,1.6306174295508873,0.994214662808783,0.011261504664399681,-0.029311926161468105,-0.001444171641145109,0.0028377088703566145,0.0024509694711369657,0.008486448887719907,0.22320349470632397,0.8741503110800501,0.00766750538578094,0.12312359970596909,0.21009761564277107,0.08045262670439624,0.06430697778631744,0.029463299373632595,1.1939613884074047,0.9828772703009307,0.014267478326502638,0.3555229069620952
