,Pruebas,coef(a)_6am-MLP,rsquared_6am-MLP,Standard Error_6am-MLP,coef(b)_6am-MLP,coef(a)_Acu-6am-MLP,rsquared_Acu-6am-MLP,Standard Error_Acu-6am-MLP,coef(b)_Acu-6am-MLP,coef(a)_6am-Beysens,rsquared_6am-Beysens,Standard Error_6am-Beysens,coef(b)_6am-Beysens,coef(a)_Acu-6am-Beysens,rsquared_Acu-6am-Beysens,Standard Error_Acu-6am-Beysens,coef(b)_Acu-6am-Beysens,coef(a)_Beysens-PM,rsquared_Beysens-PM,Standard Error_Beysens-PM,coef(b)_Beysens-PM,coef(a)_Acu-Beysens-PM,rsquared_Acu-Beysens-PM,Standard Error_Acu-Beysens-PM,coef(b)_Acu-Beysens-PM,coef(a)_MLP-PM,rsquared_MLP-PM,Standard Error_MLP-PM,coef(b)_MLP-PM,coef(a)_Acu-MLP-PM,rsquared_Acu-MLP-PM,Standard Error_Acu-MLP-PM,coef(b)_Acu-MLP-PM
0,1.0,0.5789233965927498,0.2626409571188869,0.08782121583069119,0.013337085516061817,1.1083621439531448,0.9835930230146462,0.012960099438088853,-0.05546788897070827,0.8009599540825336,0.3666821497587678,0.095300870528286,0.011468011329126844,1.3850239290953925,0.9855944482576702,0.015159790008684214,-0.44013015381749215,0.0015354854313716906,0.013950846350018864,0.0011687316076664119,-0.0017724174307022463,0.05923628573150548,0.6555323386315275,0.0038876313148982953,-0.07768695089606532,0.42376608110307273,0.17909108717396138,0.08214039336831105,0.014454622891689504,0.9203811170066217,0.9682170257234751,0.01509727951112084,-0.2845288201493782
