,Pruebas,coef(a)_6am-MLP,rsquared_6am-MLP,Standard Error_6am-MLP,coef(b)_6am-MLP,coef(a)_Acu-6am-MLP,rsquared_Acu-6am-MLP,Standard Error_Acu-6am-MLP,coef(b)_Acu-6am-MLP,coef(a)_6am-Beysens,rsquared_6am-Beysens,Standard Error_6am-Beysens,coef(b)_6am-Beysens,coef(a)_Acu-6am-Beysens,rsquared_Acu-6am-Beysens,Standard Error_Acu-6am-Beysens,coef(b)_Acu-6am-Beysens,coef(a)_Beysens-PM,rsquared_Beysens-PM,Standard Error_Beysens-PM,coef(b)_Beysens-PM,coef(a)_Acu-Beysens-PM,rsquared_Acu-Beysens-PM,Standard Error_Acu-Beysens-PM,coef(b)_Acu-Beysens-PM,coef(a)_MLP-PM,rsquared_MLP-PM,Standard Error_MLP-PM,coef(b)_MLP-PM,coef(a)_Acu-MLP-PM,rsquared_Acu-MLP-PM,Standard Error_Acu-MLP-PM,coef(b)_Acu-MLP-PM
0,1.0,0.4716015083023466,0.2945285593481737,0.06608018479932352,0.023585398037140035,1.4416741357310885,0.9833911559772442,0.016962651697527142,-0.2674292865959327,0.720212710697188,0.3891787797638878,0.0816889565269013,0.014050163492041728,1.2105615489219437,0.9884942307112179,0.011824362112177406,0.10526595942723016,-0.0003023706075912019,0.00017010019743812776,0.002098796389798184,0.0036243413071018332,0.15706342002907464,0.8987388306790782,0.00477309249707004,-0.060493932132720016,0.6147479503582041,0.12443064112487989,0.14763821274430614,0.045370506722545334,2.728799885109601,0.9617881453447831,0.04924375033696383,-0.4804656139693494
