,Pruebas,coef(a)_6am-MLP,rsquared_6am-MLP,Standard Error_6am-MLP,coef(b)_6am-MLP,coef(a)_Acu-6am-MLP,rsquared_Acu-6am-MLP,Standard Error_Acu-6am-MLP,coef(b)_Acu-6am-MLP,coef(a)_6am-Beysens,rsquared_6am-Beysens,Standard Error_6am-Beysens,coef(b)_6am-Beysens,coef(a)_Acu-6am-Beysens,rsquared_Acu-6am-Beysens,Standard Error_Acu-6am-Beysens,coef(b)_Acu-6am-Beysens,coef(a)_Beysens-PM,rsquared_Beysens-PM,Standard Error_Beysens-PM,coef(b)_Beysens-PM,coef(a)_Acu-Beysens-PM,rsquared_Acu-Beysens-PM,Standard Error_Acu-Beysens-PM,coef(b)_Acu-Beysens-PM,coef(a)_MLP-PM,rsquared_MLP-PM,Standard Error_MLP-PM,coef(b)_MLP-PM,coef(a)_Acu-MLP-PM,rsquared_Acu-MLP-PM,Standard Error_Acu-MLP-PM,coef(b)_Acu-MLP-PM,coef(a)_6a-MLP-LM,rsquared_6a-MLP-LM,Standard Error_6a-MLP-LM,coef(b)_6a-MLP-LM,coef(a)_Acu-6am-MLP-LM,rsquared_Acu-6am-MLP-LM,Standard Error_Acu-6am-MLP-LM,coef(b)_Acu-6am-MLP-LM,coef(a)_Pd-MLP-LM,rsquared_Pd-MLP-LM,Standard Error_Pd-MLP-LM,coef(b)_Pd-MLP-LM,coef(a)_Acu-Pd-MLP-LM,rsquared_Acu-Pd-MLP-LM,Standard Error_Acu-Pd-MLP-LM,coef(b)_Acu-Pd-MLP-LM
0,2.0,0.3646343383571299,0.2456222505972938,0.057854638678672105,0.029553220334865092,1.5889791440217684,0.9862760913663082,0.01696984736835391,-0.08007472166245432,0.8587127984442168,0.4339761691301448,0.08878762471145744,0.015468924003061883,1.49687487480477,0.9855536975755708,0.016407551978504218,-0.024995244179270126,-0.0003981720121314697,0.0004256190513074465,0.0017469796382038679,0.0030912039168768937,0.11696852763707535,0.7913108049264516,0.005438329808392511,-0.025734492488947915,0.19630428513940273,0.1492590700558748,0.04243049683499285,0.03182702435876158,1.565394757476712,0.966024804906204,0.026578520377593708,-0.14453432509421693,0.2310039059448033,0.1627515149040073,0.047435570041194114,0.030595844673514797,1.20969725851143,0.9947327861398584,0.005682092976596447,-0.2286618470557652,0.4627707014680737,0.3850766500122089,0.05294474067807176,0.026795530019920792,1.5957530438186782,0.985974369797241,0.017231145433671866,-0.14150950158737735
