,Pruebas,coef(a)_6am-MLP,rsquared_6am-MLP,Standard Error_6am-MLP,coef(b)_6am-MLP,coef(a)_Acu-6am-MLP,rsquared_Acu-6am-MLP,Standard Error_Acu-6am-MLP,coef(b)_Acu-6am-MLP,coef(a)_6am-Beysens,rsquared_6am-Beysens,Standard Error_6am-Beysens,coef(b)_6am-Beysens,coef(a)_Acu-6am-Beysens,rsquared_Acu-6am-Beysens,Standard Error_Acu-6am-Beysens,coef(b)_Acu-6am-Beysens,coef(a)_Beysens-PM,rsquared_Beysens-PM,Standard Error_Beysens-PM,coef(b)_Beysens-PM,coef(a)_Acu-Beysens-PM,rsquared_Acu-Beysens-PM,Standard Error_Acu-Beysens-PM,coef(b)_Acu-Beysens-PM,coef(a)_MLP-PM,rsquared_MLP-PM,Standard Error_MLP-PM,coef(b)_MLP-PM,coef(a)_Acu-MLP-PM,rsquared_Acu-MLP-PM,Standard Error_Acu-MLP-PM,coef(b)_Acu-MLP-PM,coef(a)_Pd-MLP-LM,rsquared_Pd-MLP-LM,Standard Error_Pd-MLP-LM,coef(b)_Pd-MLP-LM,coef(a)_Acu-Pd-MLP-LM,rsquared_Acu-Pd-MLP-LM,Standard Error_Acu-Pd-MLP-LM,coef(b)_Acu-Pd-MLP-LM,coef(a)_6am-MLP-LM,rsquared_6am-MLP-LM,Standard Error_6am-MLP-LM,coef(b)_6am-MLP-LM,coef(a)_Acu-6am-MLP-LM,rsquared_Acu-6am-MLP-LM,Standard Error_Acu-6am-MLP-LM,coef(b)_Acu-6am-MLP-LM
0,10.0,0.8140460970400074,0.27241786263590906,0.1204459757432799,0.026192041910535986,1.48541834578864,0.9729655184511334,0.02241708642340268,0.08720296983228078,0.8150660265373606,0.3680084950109772,0.09670291695073663,0.012129142365601378,1.3227226611523915,0.9663531199130025,0.022345668533162097,-0.49053527434340827,0.0012346340390073797,0.008647176671742418,0.0011968377769617272,-0.0005222058189289969,0.03480948723541725,0.6562033354950858,0.002281126255501324,0.0062319130458515695,0.33373881277706163,0.2829609113672147,0.04809888646961936,0.024027359243343087,1.218824392721574,0.9927229027793159,0.009447704218971693,-0.07745816351741447,0.30102602885713897,0.2540803286856508,0.04669653398862602,0.02442743619826296,0.9996390329588345,0.9911942633827461,0.006081924732333877,0.23705459031988832,0.657769567320067,0.3202294551263536,0.08676496707601547,0.02173948965509113,1.2629114079093755,0.981674537298087,0.015622001779124681,0.06977928528661319
