,Pruebas,coef(a)_6am-MLP,rsquared_6am-MLP,Standard Error_6am-MLP,coef(b)_6am-MLP,coef(a)_Acu-6am-MLP,rsquared_Acu-6am-MLP,Standard Error_Acu-6am-MLP,coef(b)_Acu-6am-MLP,coef(a)_6am-Beysens,rsquared_6am-Beysens,Standard Error_6am-Beysens,coef(b)_6am-Beysens,coef(a)_Acu-6am-Beysens,rsquared_Acu-6am-Beysens,Standard Error_Acu-6am-Beysens,coef(b)_Acu-6am-Beysens,coef(a)_Beysens-PM,rsquared_Beysens-PM,Standard Error_Beysens-PM,coef(b)_Beysens-PM,coef(a)_Acu-Beysens-PM,rsquared_Acu-Beysens-PM,Standard Error_Acu-Beysens-PM,coef(b)_Acu-Beysens-PM,coef(a)_MLP-PM,rsquared_MLP-PM,Standard Error_MLP-PM,coef(b)_MLP-PM,coef(a)_Acu-MLP-PM,rsquared_Acu-MLP-PM,Standard Error_Acu-MLP-PM,coef(b)_Acu-MLP-PM,coef(a)_6a-MLP-LM,rsquared_6a-MLP-LM,Standard Error_6a-MLP-LM,coef(b)_6a-MLP-LM,coef(a)_Acu-6am-MLP-LM,rsquared_Acu-6am-MLP-LM,Standard Error_Acu-6am-MLP-LM,coef(b)_Acu-6am-MLP-LM,coef(a)_Pd-MLP-LM,rsquared_Pd-MLP-LM,Standard Error_Pd-MLP-LM,coef(b)_Pd-MLP-LM,coef(a)_Acu-Pd-MLP-LM,rsquared_Acu-Pd-MLP-LM,Standard Error_Acu-Pd-MLP-LM,coef(b)_Acu-Pd-MLP-LM
0,9.0,0.28947455525128035,0.389453882429293,0.03281419046928667,0.03271592449580489,1.1911424978262337,0.9832702782554261,0.014066683220993064,0.18215614363246224,0.6630855361685919,0.34549713577408936,0.08262722920178184,0.02048984041727709,1.069582604474621,0.9710229168070293,0.016728115162388837,0.414064140392884,0.002627042399363099,0.01319897173634721,0.0020565151539883356,-4.257776273042409e-05,0.19419581514261364,0.8818319880535733,0.0064360141705988964,-0.142720890402383,0.24758520541386825,0.18153096027555804,0.04759600754130777,0.025657489463767943,1.1192857122203828,0.9828797954661678,0.013374123073166135,-0.07685490752737828,0.25513501052617416,0.23920067238356524,0.04119495623601377,0.026330273822664032,1.2067591408642218,0.9622615996917643,0.0154262420260595,-0.34370758794199796,0.3856493963991513,0.42086102742934506,0.04095762364576506,0.027763038364252576,1.144217384662448,0.9859460602344555,0.012368045978917592,0.19176707364660198
