,Pruebas,coef(a)_6am-MLP,rsquared_6am-MLP,Standard Error_6am-MLP,coef(b)_6am-MLP,coef(a)_Acu-6am-MLP,rsquared_Acu-6am-MLP,Standard Error_Acu-6am-MLP,coef(b)_Acu-6am-MLP,coef(a)_6am-Beysens,rsquared_6am-Beysens,Standard Error_6am-Beysens,coef(b)_6am-Beysens,coef(a)_Acu-6am-Beysens,rsquared_Acu-6am-Beysens,Standard Error_Acu-6am-Beysens,coef(b)_Acu-6am-Beysens,coef(a)_Beysens-PM,rsquared_Beysens-PM,Standard Error_Beysens-PM,coef(b)_Beysens-PM,coef(a)_Acu-Beysens-PM,rsquared_Acu-Beysens-PM,Standard Error_Acu-Beysens-PM,coef(b)_Acu-Beysens-PM,coef(a)_MLP-PM,rsquared_MLP-PM,Standard Error_MLP-PM,coef(b)_MLP-PM,coef(a)_Acu-MLP-PM,rsquared_Acu-MLP-PM,Standard Error_Acu-MLP-PM,coef(b)_Acu-MLP-PM,coef(a)_6a-MLP-LM,rsquared_6a-MLP-LM,Standard Error_6a-MLP-LM,coef(b)_6a-MLP-LM,coef(a)_Acu-6am-MLP-LM,rsquared_Acu-6am-MLP-LM,Standard Error_Acu-6am-MLP-LM,coef(b)_Acu-6am-MLP-LM,coef(a)_Pd-MLP-LM,rsquared_Pd-MLP-LM,Standard Error_Pd-MLP-LM,coef(b)_Pd-MLP-LM,coef(a)_Acu-Pd-MLP-LM,rsquared_Acu-Pd-MLP-LM,Standard Error_Acu-Pd-MLP-LM,coef(b)_Acu-Pd-MLP-LM
0,10.0,0.3984518978287317,0.4330652272317361,0.041274887782848824,0.02754119417397885,1.3535101572237505,0.9859698277662786,0.014617775700436262,-0.007436603786666163,0.6258591397832386,0.3481257650601669,0.07753727038748656,0.014620054795057548,1.1355601974147973,0.9885349660185975,0.011071893550251686,0.08947536480075133,0.00045539718885794986,0.0003021988098165229,0.0023713650987913747,0.004298015186738604,0.15721507146758895,0.8837363208858237,0.005162676837198871,0.03379671686257675,0.2966787084959714,0.1424397840046271,0.06590572472712236,0.03019405831555992,1.2838091661727327,0.9803259314347917,0.016465783506860978,0.2157999101838825,0.31245646808261984,0.20219407389256205,0.05619193450526014,0.029857932277701137,1.051342160255758,0.9959787829430533,0.004312133274671204,0.2934260344055042,0.3774907441196068,0.42803131123043225,0.039507063611080064,0.021527946260925794,1.1583190357311037,0.9818015779458598,0.014277536592727574,-0.017477277717206016
