,Pruebas,coef(a)_6am-MLP,rsquared_6am-MLP,Standard Error_6am-MLP,coef(b)_6am-MLP,coef(a)_Acu-6am-MLP,rsquared_Acu-6am-MLP,Standard Error_Acu-6am-MLP,coef(b)_Acu-6am-MLP,coef(a)_6am-Beysens,rsquared_6am-Beysens,Standard Error_6am-Beysens,coef(b)_6am-Beysens,coef(a)_Acu-6am-Beysens,rsquared_Acu-6am-Beysens,Standard Error_Acu-6am-Beysens,coef(b)_Acu-6am-Beysens,coef(a)_Beysens-PM,rsquared_Beysens-PM,Standard Error_Beysens-PM,coef(b)_Beysens-PM,coef(a)_Acu-Beysens-PM,rsquared_Acu-Beysens-PM,Standard Error_Acu-Beysens-PM,coef(b)_Acu-Beysens-PM,coef(a)_MLP-PM,rsquared_MLP-PM,Standard Error_MLP-PM,coef(b)_MLP-PM,coef(a)_Acu-MLP-PM,rsquared_Acu-MLP-PM,Standard Error_Acu-MLP-PM,coef(b)_Acu-MLP-PM
0,1.0,0.42812982849056,0.3867586672306881,0.048808026958572746,0.017140061684258683,1.0101903802208576,0.9913394813478527,0.008548384798439636,-0.12920689326980905,0.5360908388930556,0.2648630279977582,0.08085966414036902,0.01714339480518716,1.1279397406972582,0.9793474764684512,0.014829419185495187,-0.16222946510937128,-0.002007555628101232,0.012678134314315304,0.001603944645951729,0.007716648636164439,0.09419567481021479,0.8159306129995673,0.004050561360155403,0.08747629076368038,0.2202759387685806,0.12710064940210986,0.05226312131571807,0.022844327249879375,0.9242863449100355,0.99274494500741,0.00715365734238959,-0.029157592780849034
