,Pruebas,coef(a)_6am-MLP,rsquared_6am-MLP,Standard Error_6am-MLP,coef(b)_6am-MLP,coef(a)_Acu-6am-MLP,rsquared_Acu-6am-MLP,Standard Error_Acu-6am-MLP,coef(b)_Acu-6am-MLP,coef(a)_6am-Beysens,rsquared_6am-Beysens,Standard Error_6am-Beysens,coef(b)_6am-Beysens,coef(a)_Acu-6am-Beysens,rsquared_Acu-6am-Beysens,Standard Error_Acu-6am-Beysens,coef(b)_Acu-6am-Beysens,coef(a)_Beysens-PM,rsquared_Beysens-PM,Standard Error_Beysens-PM,coef(b)_Beysens-PM,coef(a)_Acu-Beysens-PM,rsquared_Acu-Beysens-PM,Standard Error_Acu-Beysens-PM,coef(b)_Acu-Beysens-PM,coef(a)_MLP-PM,rsquared_MLP-PM,Standard Error_MLP-PM,coef(b)_MLP-PM,coef(a)_Acu-MLP-PM,rsquared_Acu-MLP-PM,Standard Error_Acu-MLP-PM,coef(b)_Acu-MLP-PM,coef(a)_Pd-MLP-LM,rsquared_Pd-MLP-LM,Standard Error_Pd-MLP-LM,coef(b)_Pd-MLP-LM,coef(a)_Acu-Pd-MLP-LM,rsquared_Acu-Pd-MLP-LM,Standard Error_Acu-Pd-MLP-LM,coef(b)_Acu-Pd-MLP-LM,coef(a)_6am-MLP-LM,rsquared_6am-MLP-LM,Standard Error_6am-MLP-LM,coef(b)_6am-MLP-LM,coef(a)_Acu-6am-MLP-LM,rsquared_Acu-6am-MLP-LM,Standard Error_Acu-6am-MLP-LM,coef(b)_Acu-6am-MLP-LM
0,6.0,0.3198042939425868,0.1535230317730657,0.06798689147810616,0.030858159032957393,1.323029864318298,0.9871153138246218,0.013684934033941479,0.3412899053132871,0.6798824593490858,0.2638044094222173,0.10282755328049929,0.02023787656181595,1.2172609968189787,0.9660691362996415,0.020653665775795558,0.19631843649944924,0.002833346529465486,0.01471601725755467,0.002098965718535323,-0.00016472080366829514,0.1747820312193324,0.7934798711033149,0.008072909863813846,-0.10934611509107015,0.21938205696783905,0.14160299815950228,0.04890227581343989,0.02987443585094978,1.2558879044189402,0.9893534376405537,0.01179505389989657,0.2342390549677184,0.29239701270558366,0.19208813733712982,0.054290612946025496,0.030256807965066263,1.1581100937315336,0.9763582779111946,0.011632663732676464,0.22866586012659024,0.38987787821276254,0.2601550289429352,0.05952547825769833,0.02661287527109392,1.2399461625083106,0.9873324321888854,0.01271562849282215,0.2680524891601849
