,Pruebas,coef(a)_6am-MLP,rsquared_6am-MLP,Standard Error_6am-MLP,coef(b)_6am-MLP,coef(a)_Acu-6am-MLP,rsquared_Acu-6am-MLP,Standard Error_Acu-6am-MLP,coef(b)_Acu-6am-MLP,coef(a)_6am-Beysens,rsquared_6am-Beysens,Standard Error_6am-Beysens,coef(b)_6am-Beysens,coef(a)_Acu-6am-Beysens,rsquared_Acu-6am-Beysens,Standard Error_Acu-6am-Beysens,coef(b)_Acu-6am-Beysens,coef(a)_Beysens-PM,rsquared_Beysens-PM,Standard Error_Beysens-PM,coef(b)_Beysens-PM,coef(a)_Acu-Beysens-PM,rsquared_Acu-Beysens-PM,Standard Error_Acu-Beysens-PM,coef(b)_Acu-Beysens-PM,coef(a)_MLP-PM,rsquared_MLP-PM,Standard Error_MLP-PM,coef(b)_MLP-PM,coef(a)_Acu-MLP-PM,rsquared_Acu-MLP-PM,Standard Error_Acu-MLP-PM,coef(b)_Acu-MLP-PM
0,1.0,0.49344432529694987,0.4418504983012841,0.05021065292583528,0.012675233701228701,1.0057344878494858,0.9664023135395381,0.01697771092666418,0.13069133709942105,0.5743438378924706,0.29989984540202996,0.07944819162911486,0.012018607573708661,1.0887629400304943,0.9602877959632884,0.020045398995970073,0.1766838697622989,-0.00033399604303949995,0.003254816124729998,0.0005291639501868666,0.0013509621683437205,0.03815334307261048,0.8300374542777905,0.0015630772825965733,0.004256288316489023,0.558049447994502,0.20707189537638115,0.09886648365433573,0.018166662791783382,1.3593811219391512,0.9889764987552563,0.012993558659471278,-0.07475727719362885
