,Pruebas,coef(a)_6am-MLP,rsquared_6am-MLP,Standard Error_6am-MLP,coef(b)_6am-MLP,coef(a)_Acu-6am-MLP,rsquared_Acu-6am-MLP,Standard Error_Acu-6am-MLP,coef(b)_Acu-6am-MLP,coef(a)_6am-Beysens,rsquared_6am-Beysens,Standard Error_6am-Beysens,coef(b)_6am-Beysens,coef(a)_Acu-6am-Beysens,rsquared_Acu-6am-Beysens,Standard Error_Acu-6am-Beysens,coef(b)_Acu-6am-Beysens,coef(a)_Beysens-PM,rsquared_Beysens-PM,Standard Error_Beysens-PM,coef(b)_Beysens-PM,coef(a)_Acu-Beysens-PM,rsquared_Acu-Beysens-PM,Standard Error_Acu-Beysens-PM,coef(b)_Acu-Beysens-PM,coef(a)_MLP-PM,rsquared_MLP-PM,Standard Error_MLP-PM,coef(b)_MLP-PM,coef(a)_Acu-MLP-PM,rsquared_Acu-MLP-PM,Standard Error_Acu-MLP-PM,coef(b)_Acu-MLP-PM
0,1.0,0.9191824886095127,0.45321476540301986,0.091406728970673,0.01109163127872732,1.373375788438421,0.9843235950278739,0.01569147470252674,0.42271501637540787,0.9991495177248645,0.49121178365620677,0.09206291071416127,0.01447594466227556,1.2870957062962458,0.9630491353445859,0.02282543201068286,0.7482022146939025,0.0009119977638999897,0.0015576791263738343,0.002090433462039345,0.0029795539169493123,0.14150485063335697,0.9134034193289996,0.00394466809391241,0.03495377914366252,0.4779148276951676,0.2846746524909447,0.06858798163410225,0.018175630474209295,1.1112149127538051,0.9828386910526256,0.013293894529394968,0.12149419810788357
