,Pruebas,coef(a)_6am-MLP,rsquared_6am-MLP,Standard Error_6am-MLP,coef(b)_6am-MLP,coef(a)_Acu-6am-MLP,rsquared_Acu-6am-MLP,Standard Error_Acu-6am-MLP,coef(b)_Acu-6am-MLP,coef(a)_6am-Beysens,rsquared_6am-Beysens,Standard Error_6am-Beysens,coef(b)_6am-Beysens,coef(a)_Acu-6am-Beysens,rsquared_Acu-6am-Beysens,Standard Error_Acu-6am-Beysens,coef(b)_Acu-6am-Beysens,coef(a)_Beysens-PM,rsquared_Beysens-PM,Standard Error_Beysens-PM,coef(b)_Beysens-PM,coef(a)_Acu-Beysens-PM,rsquared_Acu-Beysens-PM,Standard Error_Acu-Beysens-PM,coef(b)_Acu-Beysens-PM,coef(a)_MLP-PM,rsquared_MLP-PM,Standard Error_MLP-PM,coef(b)_MLP-PM,coef(a)_Acu-MLP-PM,rsquared_Acu-MLP-PM,Standard Error_Acu-MLP-PM,coef(b)_Acu-MLP-PM
0,1.0,0.6011537654443604,0.48677790204861704,0.055884699837998625,0.014776155377118246,1.2961550283908378,0.9739918159078744,0.019175839910068396,0.11744303660660127,0.9060065031695543,0.48295056800153924,0.08487232349552963,0.011909222780894312,1.368004675828204,0.9662483188644354,0.023147867913961985,0.3536941375278784,0.001587184701830962,0.0051940213855599104,0.001988679881084018,0.0013232006945162861,0.11692843032224463,0.8756355998854584,0.00398957412920591,0.019929418142776354,0.46964994239559976,0.18091556421310906,0.09047334873656003,0.023096412218298362,1.4077598388321257,0.9687575670066628,0.02288829932145297,0.3471984408631865
