,Pruebas,coef(a)_6am-MLP,rsquared_6am-MLP,Standard Error_6am-MLP,coef(b)_6am-MLP,coef(a)_Acu-6am-MLP,rsquared_Acu-6am-MLP,Standard Error_Acu-6am-MLP,coef(b)_Acu-6am-MLP,coef(a)_6am-Beysens,rsquared_6am-Beysens,Standard Error_6am-Beysens,coef(b)_6am-Beysens,coef(a)_Acu-6am-Beysens,rsquared_Acu-6am-Beysens,Standard Error_Acu-6am-Beysens,coef(b)_Acu-6am-Beysens,coef(a)_Beysens-PM,rsquared_Beysens-PM,Standard Error_Beysens-PM,coef(b)_Beysens-PM,coef(a)_Acu-Beysens-PM,rsquared_Acu-Beysens-PM,Standard Error_Acu-Beysens-PM,coef(b)_Acu-Beysens-PM,coef(a)_MLP-PM,rsquared_MLP-PM,Standard Error_MLP-PM,coef(b)_MLP-PM,coef(a)_Acu-MLP-PM,rsquared_Acu-MLP-PM,Standard Error_Acu-MLP-PM,coef(b)_Acu-MLP-PM,coef(a)_Pd-MLP-LM,rsquared_Pd-MLP-LM,Standard Error_Pd-MLP-LM,coef(b)_Pd-MLP-LM,coef(a)_Acu-Pd-MLP-LM,rsquared_Acu-Pd-MLP-LM,Standard Error_Acu-Pd-MLP-LM,coef(b)_Acu-Pd-MLP-LM,coef(a)_6am-MLP-LM,rsquared_6am-MLP-LM,Standard Error_6am-MLP-LM,coef(b)_6am-MLP-LM,coef(a)_Acu-6am-MLP-LM,rsquared_Acu-6am-MLP-LM,Standard Error_Acu-6am-MLP-LM,coef(b)_Acu-6am-MLP-LM
0,3.0,0.38164491467609996,0.34606180942965037,0.04749753228561549,0.025687168523868043,1.4190136907226512,0.9592013156281378,0.026495667591532216,-0.29713944188960756,0.7650112732962717,0.5673064298079753,0.060488008707970616,0.0036230162284955816,0.8975552518874351,0.9922377597595738,0.0071873193498582545,0.07495134542231062,0.0014738125940900824,0.05497108164084463,0.000553245329065107,-0.001945522655602548,0.019064094202036946,0.4309477789759635,0.0019833529111469485,-0.02611080936920047,0.19833983833211294,0.1763829387324013,0.038802917261848986,0.026411785673575026,1.1615329439786803,0.9748617893424839,0.016886796637404028,-0.3454580589003613,0.21666929069724777,0.2807529931435625,0.03139744275522067,0.027530759161149027,1.1278689606900587,0.9911287216586555,0.00688780898751492,-0.05144427948112491,0.34820597020690625,0.3732192597064332,0.04085376271326425,0.02388737461290178,1.3024847904395271,0.9602778030901395,0.023983409621603752,-0.25475548471569903
