,Pruebas,coef(a)_6am-MLP,rsquared_6am-MLP,Standard Error_6am-MLP,coef(b)_6am-MLP,coef(a)_Acu-6am-MLP,rsquared_Acu-6am-MLP,Standard Error_Acu-6am-MLP,coef(b)_Acu-6am-MLP,coef(a)_6am-Beysens,rsquared_6am-Beysens,Standard Error_6am-Beysens,coef(b)_6am-Beysens,coef(a)_Acu-6am-Beysens,rsquared_Acu-6am-Beysens,Standard Error_Acu-6am-Beysens,coef(b)_Acu-6am-Beysens,coef(a)_Beysens-PM,rsquared_Beysens-PM,Standard Error_Beysens-PM,coef(b)_Beysens-PM,coef(a)_Acu-Beysens-PM,rsquared_Acu-Beysens-PM,Standard Error_Acu-Beysens-PM,coef(b)_Acu-Beysens-PM,coef(a)_MLP-PM,rsquared_MLP-PM,Standard Error_MLP-PM,coef(b)_MLP-PM,coef(a)_Acu-MLP-PM,rsquared_Acu-MLP-PM,Standard Error_Acu-MLP-PM,coef(b)_Acu-MLP-PM
0,1.0,0.4457617742520685,0.2602995485228783,0.06803214082167439,0.021663157464608902,1.0641144598031684,0.9715973295629641,0.016471944136523236,-0.35579448286126114,0.7812187159240074,0.556635815165421,0.06312297435028545,0.014707899481381343,1.1570647254885196,0.9826603842449568,0.013915401744826802,-0.19032946609621806,0.00036740314925997643,0.001573228284994066,0.0008379636795510225,0.0007307851797306125,0.05724304885937895,0.7681821574698018,0.002846978343980886,-0.035816076455577286,0.2778189055093646,0.06360044309441582,0.09651226195906012,0.02473792055698013,1.0465327837935923,0.9676164902226966,0.01733337986026581,-0.26964101755610764
