,Pruebas,coef(a)_6am-MLP,rsquared_6am-MLP,Standard Error_6am-MLP,coef(b)_6am-MLP,coef(a)_Acu-6am-MLP,rsquared_Acu-6am-MLP,Standard Error_Acu-6am-MLP,coef(b)_Acu-6am-MLP,coef(a)_6am-Beysens,rsquared_6am-Beysens,Standard Error_6am-Beysens,coef(b)_6am-Beysens,coef(a)_Acu-6am-Beysens,rsquared_Acu-6am-Beysens,Standard Error_Acu-6am-Beysens,coef(b)_Acu-6am-Beysens,coef(a)_Beysens-PM,rsquared_Beysens-PM,Standard Error_Beysens-PM,coef(b)_Beysens-PM,coef(a)_Acu-Beysens-PM,rsquared_Acu-Beysens-PM,Standard Error_Acu-Beysens-PM,coef(b)_Acu-Beysens-PM,coef(a)_MLP-PM,rsquared_MLP-PM,Standard Error_MLP-PM,coef(b)_MLP-PM,coef(a)_Acu-MLP-PM,rsquared_Acu-MLP-PM,Standard Error_Acu-MLP-PM,coef(b)_Acu-MLP-PM,coef(a)_Pd-MLP-LM,rsquared_Pd-MLP-LM,Standard Error_Pd-MLP-LM,coef(b)_Pd-MLP-LM,coef(a)_Acu-Pd-MLP-LM,rsquared_Acu-Pd-MLP-LM,Standard Error_Acu-Pd-MLP-LM,coef(b)_Acu-Pd-MLP-LM,coef(a)_6am-MLP-LM,rsquared_6am-MLP-LM,Standard Error_6am-MLP-LM,coef(b)_6am-MLP-LM,coef(a)_Acu-6am-MLP-LM,rsquared_Acu-6am-MLP-LM,Standard Error_Acu-6am-MLP-LM,coef(b)_Acu-6am-MLP-LM
0,4.0,0.2799459955237001,0.2010729261645574,0.0505209060354523,0.025721959944174037,1.254620526758236,0.973339151023391,0.01879911333188738,-0.007324877363698065,0.6215514367322179,0.24420591027976135,0.09899672322908366,0.0181616810623233,1.351324043423994,0.9641008438274052,0.023608069628762104,-0.12666465135045574,0.0007059343513621706,0.0022805056838979265,0.0013368203549353984,0.0015452416593060945,0.11510773050427602,0.928705914100006,0.002887435042993209,-0.024790910617231147,0.20620476758419634,0.13968111526011684,0.046331852278826274,0.03183430995014799,1.4338527791736317,0.988096297443309,0.014248398240149446,0.13121064704852572,0.2581922654207236,0.2042596475796573,0.04613788384296768,0.029789437195404358,1.0978734804341057,0.9929649586415634,0.005965035615360846,0.7322463950770544,0.3543210011530591,0.3243441031037122,0.04629954571957111,0.023747067405633482,1.2667899014504669,0.9742627475285555,0.018640936198727778,-0.022067970455885703
