,Pruebas,coef(a)_6am-MLP,rsquared_6am-MLP,Standard Error_6am-MLP,coef(b)_6am-MLP,coef(a)_Acu-6am-MLP,rsquared_Acu-6am-MLP,Standard Error_Acu-6am-MLP,coef(b)_Acu-6am-MLP,coef(a)_6am-Beysens,rsquared_6am-Beysens,Standard Error_6am-Beysens,coef(b)_6am-Beysens,coef(a)_Acu-6am-Beysens,rsquared_Acu-6am-Beysens,Standard Error_Acu-6am-Beysens,coef(b)_Acu-6am-Beysens,coef(a)_Beysens-PM,rsquared_Beysens-PM,Standard Error_Beysens-PM,coef(b)_Beysens-PM,coef(a)_Acu-Beysens-PM,rsquared_Acu-Beysens-PM,Standard Error_Acu-Beysens-PM,coef(b)_Acu-Beysens-PM,coef(a)_MLP-PM,rsquared_MLP-PM,Standard Error_MLP-PM,coef(b)_MLP-PM,coef(a)_Acu-MLP-PM,rsquared_Acu-MLP-PM,Standard Error_Acu-MLP-PM,coef(b)_Acu-MLP-PM,coef(a)_Pd-MLP-LM,rsquared_Pd-MLP-LM,Standard Error_Pd-MLP-LM,coef(b)_Pd-MLP-LM,coef(a)_Acu-Pd-MLP-LM,rsquared_Acu-Pd-MLP-LM,Standard Error_Acu-Pd-MLP-LM,coef(b)_Acu-Pd-MLP-LM,coef(a)_6am-MLP-LM,rsquared_6am-MLP-LM,Standard Error_6am-MLP-LM,coef(b)_6am-MLP-LM,coef(a)_Acu-6am-MLP-LM,rsquared_Acu-6am-MLP-LM,Standard Error_Acu-6am-MLP-LM,coef(b)_Acu-6am-MLP-LM
0,7.0,0.40041541450971185,0.5043103505887802,0.03594072491725528,0.017199254310613067,1.015019240597407,0.9642440137791525,0.017696006376927503,-0.2647173375772682,0.5349321396981117,0.37753243612077836,0.06218705697863544,0.008667946948925379,0.8687800841460642,0.9877441852170227,0.008761506650467446,-0.04031922231829109,-0.0007822718743254376,0.0033511052103599726,0.0012213914172321833,0.0037784174058328023,0.06926890369417188,0.8152947092932482,0.0029849753881269906,0.043530465397413634,0.3470527835057323,0.3407945233773372,0.04369982685766103,0.024049877461396085,1.1398821782203548,0.9807586231665019,0.014454965383564838,-0.03335668565644933,0.3574983234159884,0.38607002210343144,0.04081506329526351,0.02383213453370761,1.088101349253838,0.9879538928353224,0.007755659813378458,-0.09673218753720558,0.4057951189760362,0.599543009490147,0.030025807349507976,0.013258987977394367,0.8803941608029288,0.9684977291538152,0.014375364471199328,-0.20436047152069972
