,Pruebas,coef(a)_6am-MLP,rsquared_6am-MLP,Standard Error_6am-MLP,coef(b)_6am-MLP,coef(a)_Acu-6am-MLP,rsquared_Acu-6am-MLP,Standard Error_Acu-6am-MLP,coef(b)_Acu-6am-MLP,coef(a)_6am-Beysens,rsquared_6am-Beysens,Standard Error_6am-Beysens,coef(b)_6am-Beysens,coef(a)_Acu-6am-Beysens,rsquared_Acu-6am-Beysens,Standard Error_Acu-6am-Beysens,coef(b)_Acu-6am-Beysens,coef(a)_Beysens-PM,rsquared_Beysens-PM,Standard Error_Beysens-PM,coef(b)_Beysens-PM,coef(a)_Acu-Beysens-PM,rsquared_Acu-Beysens-PM,Standard Error_Acu-Beysens-PM,coef(b)_Acu-Beysens-PM,coef(a)_MLP-PM,rsquared_MLP-PM,Standard Error_MLP-PM,coef(b)_MLP-PM,coef(a)_Acu-MLP-PM,rsquared_Acu-MLP-PM,Standard Error_Acu-MLP-PM,coef(b)_Acu-MLP-PM
0,1.0,0.596688632231547,0.313483939275748,0.07994394075622606,0.017713624239952097,1.2151865866479703,0.9886231881765423,0.011802063387959956,0.18116141365523997,0.4927707087187225,0.18831368123218828,0.09262285117041588,0.018982152655952267,1.1390279190300316,0.981998306006123,0.013962261644413575,0.2068172807675103,-0.0019242678434317113,0.012857164132898169,0.0015265218043876334,0.0058970895831378664,0.11188858458816184,0.729347421400338,0.006170846213157501,0.061950389982133355,0.6291934837949575,0.1898114526976774,0.11768906211011848,0.02560664186669051,1.4191314400115047,0.9797757101112325,0.018459333352542663,0.4506251635379598
