,Pruebas,coef(a)_6am-MLP,rsquared_6am-MLP,Standard Error_6am-MLP,coef(b)_6am-MLP,coef(a)_Acu-6am-MLP,rsquared_Acu-6am-MLP,Standard Error_Acu-6am-MLP,coef(b)_Acu-6am-MLP,coef(a)_6am-Beysens,rsquared_6am-Beysens,Standard Error_6am-Beysens,coef(b)_6am-Beysens,coef(a)_Acu-6am-Beysens,rsquared_Acu-6am-Beysens,Standard Error_Acu-6am-Beysens,coef(b)_Acu-6am-Beysens,coef(a)_Beysens-PM,rsquared_Beysens-PM,Standard Error_Beysens-PM,coef(b)_Beysens-PM,coef(a)_Acu-Beysens-PM,rsquared_Acu-Beysens-PM,Standard Error_Acu-Beysens-PM,coef(b)_Acu-Beysens-PM,coef(a)_MLP-PM,rsquared_MLP-PM,Standard Error_MLP-PM,coef(b)_MLP-PM,coef(a)_Acu-MLP-PM,rsquared_Acu-MLP-PM,Standard Error_Acu-MLP-PM,coef(b)_Acu-MLP-PM,coef(a)_Pd-MLP-LM,rsquared_Pd-MLP-LM,Standard Error_Pd-MLP-LM,coef(b)_Pd-MLP-LM,coef(a)_Acu-Pd-MLP-LM,rsquared_Acu-Pd-MLP-LM,Standard Error_Acu-Pd-MLP-LM,coef(b)_Acu-Pd-MLP-LM,coef(a)_6am-MLP-LM,rsquared_6am-MLP-LM,Standard Error_6am-MLP-LM,coef(b)_6am-MLP-LM,coef(a)_Acu-6am-MLP-LM,rsquared_Acu-6am-MLP-LM,Standard Error_Acu-6am-MLP-LM,coef(b)_Acu-6am-MLP-LM
0,6.0,0.41180102168643945,0.3602881807459599,0.04967921265706983,0.017825060462433,0.9772177292143088,0.9826931326049567,0.011741178585886941,0.09294130800234415,0.5193378679986214,0.27568402226014943,0.07621286883814574,0.016582022940675584,1.0951625265235703,0.9805381488104894,0.013968780270221248,0.1423741021628105,-0.0006389434228967464,0.0007831117090635331,0.0020663339569555374,0.004938534652406925,0.17101165640848565,0.8821449897906548,0.005659132171663937,-0.02530487241476515,0.27374439050165905,0.26339706632120574,0.04144541808191822,0.024073125331182964,1.1402920405382777,0.9797123373276713,0.014856034301547,0.07402641116589365,0.2825956767710397,0.2056337130666106,0.05028619727065418,0.024217325177775407,1.0389937194498156,0.997642299064715,0.003260350069712654,0.12489081333243751,0.37887120289574333,0.3936148032940635,0.04257457036591301,0.016597890322859764,0.9051990289174879,0.9834210960817366,0.01064075174065698,0.08002672108872866
