,Pruebas,coef(a)_6am-MLP,rsquared_6am-MLP,Standard Error_6am-MLP,coef(b)_6am-MLP,coef(a)_Acu-6am-MLP,rsquared_Acu-6am-MLP,Standard Error_Acu-6am-MLP,coef(b)_Acu-6am-MLP,coef(a)_6am-Beysens,rsquared_6am-Beysens,Standard Error_6am-Beysens,coef(b)_6am-Beysens,coef(a)_Acu-6am-Beysens,rsquared_Acu-6am-Beysens,Standard Error_Acu-6am-Beysens,coef(b)_Acu-6am-Beysens,coef(a)_Beysens-PM,rsquared_Beysens-PM,Standard Error_Beysens-PM,coef(b)_Beysens-PM,coef(a)_Acu-Beysens-PM,rsquared_Acu-Beysens-PM,Standard Error_Acu-Beysens-PM,coef(b)_Acu-Beysens-PM,coef(a)_MLP-PM,rsquared_MLP-PM,Standard Error_MLP-PM,coef(b)_MLP-PM,coef(a)_Acu-MLP-PM,rsquared_Acu-MLP-PM,Standard Error_Acu-MLP-PM,coef(b)_Acu-MLP-PM
0,1.0,0.5883719571660728,0.4641683218180713,0.057233263978759316,0.019017339788830696,1.2943758088391952,0.990896378647844,0.011232422848868854,-0.35144192099101124,0.5767129769204398,0.2605264657408477,0.08796607250780965,0.02145149290314987,1.3956304393237813,0.9744559979940841,0.020457561759784314,-0.3977699255574082,-0.0015139807995020315,0.006862900489124191,0.0016488881771299063,0.006784604257124896,0.14188931423913964,0.8803214248333145,0.004736497840263196,-0.01962198985159478,0.3043996159849309,0.26069203805947716,0.04641014704173633,0.01842765220959765,0.9371530180959435,0.9832418215541843,0.011076787586596543,-0.14992358340093098
