,Pruebas,coef(a)_6am-MLP,rsquared_6am-MLP,Standard Error_6am-MLP,coef(b)_6am-MLP,coef(a)_Acu-6am-MLP,rsquared_Acu-6am-MLP,Standard Error_Acu-6am-MLP,coef(b)_Acu-6am-MLP,coef(a)_6am-Beysens,rsquared_6am-Beysens,Standard Error_6am-Beysens,coef(b)_6am-Beysens,coef(a)_Acu-6am-Beysens,rsquared_Acu-6am-Beysens,Standard Error_Acu-6am-Beysens,coef(b)_Acu-6am-Beysens,coef(a)_Beysens-PM,rsquared_Beysens-PM,Standard Error_Beysens-PM,coef(b)_Beysens-PM,coef(a)_Acu-Beysens-PM,rsquared_Acu-Beysens-PM,Standard Error_Acu-Beysens-PM,coef(b)_Acu-Beysens-PM,coef(a)_MLP-PM,rsquared_MLP-PM,Standard Error_MLP-PM,coef(b)_MLP-PM,coef(a)_Acu-MLP-PM,rsquared_Acu-MLP-PM,Standard Error_Acu-MLP-PM,coef(b)_Acu-MLP-PM
0,1.0,0.4563495965265812,0.64132957540097,0.030897612364681002,0.009602129364090542,0.7855553654333649,0.9875460037568813,0.007986795817122644,0.1294007696975694,0.6990964391157217,0.49991428215514033,0.06330406931769546,0.01005514307769772,1.0228272854950629,0.9882223857871575,0.010109361066540489,0.2541055766195856,0.0015122307286254393,0.006597212229555005,0.0016800437947130048,0.0004732564316440361,0.13005232259665844,0.833944458949635,0.005254075625589602,-0.08566008777776321,0.3499858926268361,0.3388650277243789,0.04425907143405171,0.014612366225827808,0.8845581435169019,0.9925426562045297,0.006941669979858206,-0.07291756115868707
