,Pruebas,coef(a)_6am-MLP,rsquared_6am-MLP,Standard Error_6am-MLP,coef(b)_6am-MLP,coef(a)_Acu-6am-MLP,rsquared_Acu-6am-MLP,Standard Error_Acu-6am-MLP,coef(b)_Acu-6am-MLP,coef(a)_6am-Beysens,rsquared_6am-Beysens,Standard Error_6am-Beysens,coef(b)_6am-Beysens,coef(a)_Acu-6am-Beysens,rsquared_Acu-6am-Beysens,Standard Error_Acu-6am-Beysens,coef(b)_Acu-6am-Beysens,coef(a)_Beysens-PM,rsquared_Beysens-PM,Standard Error_Beysens-PM,coef(b)_Beysens-PM,coef(a)_Acu-Beysens-PM,rsquared_Acu-Beysens-PM,Standard Error_Acu-Beysens-PM,coef(b)_Acu-Beysens-PM,coef(a)_MLP-PM,rsquared_MLP-PM,Standard Error_MLP-PM,coef(b)_MLP-PM,coef(a)_Acu-MLP-PM,rsquared_Acu-MLP-PM,Standard Error_Acu-MLP-PM,coef(b)_Acu-MLP-PM
0,1.0,0.46607357461140064,0.1695904197084861,0.09337272651371564,0.026077743604761068,1.5454130056991506,0.9825756944082356,0.018631995803044813,0.034444881790240744,0.35676146371109024,0.09396956756405195,0.10029419577281318,0.019511556486034413,1.2890375877510938,0.9629275089926344,0.022898907003688112,-0.30009952196255896,0.0028336126864068104,0.021135984329902047,0.0017458644248834992,-0.0010138314647403144,0.11659646936504434,0.8110854661547051,0.005094538637394599,-0.0771658598808456,0.214702147899327,0.11072994241520295,0.05508594279812247,0.023211533084211415,1.0836741649680826,0.9840644754754823,0.012485047800046728,0.07137895398945668
