,Pruebas,coef(a)_6am-MLP,rsquared_6am-MLP,Standard Error_6am-MLP,coef(b)_6am-MLP,coef(a)_Acu-6am-MLP,rsquared_Acu-6am-MLP,Standard Error_Acu-6am-MLP,coef(b)_Acu-6am-MLP,coef(a)_6am-Beysens,rsquared_6am-Beysens,Standard Error_6am-Beysens,coef(b)_6am-Beysens,coef(a)_Acu-6am-Beysens,rsquared_Acu-6am-Beysens,Standard Error_Acu-6am-Beysens,coef(b)_Acu-6am-Beysens,coef(a)_Beysens-PM,rsquared_Beysens-PM,Standard Error_Beysens-PM,coef(b)_Beysens-PM,coef(a)_Acu-Beysens-PM,rsquared_Acu-Beysens-PM,Standard Error_Acu-Beysens-PM,coef(b)_Acu-Beysens-PM,coef(a)_MLP-PM,rsquared_MLP-PM,Standard Error_MLP-PM,coef(b)_MLP-PM,coef(a)_Acu-MLP-PM,rsquared_Acu-MLP-PM,Standard Error_Acu-MLP-PM,coef(b)_Acu-MLP-PM,coef(a)_Pd-MLP-LM,rsquared_Pd-MLP-LM,Standard Error_Pd-MLP-LM,coef(b)_Pd-MLP-LM,coef(a)_Acu-Pd-MLP-LM,rsquared_Acu-Pd-MLP-LM,Standard Error_Acu-Pd-MLP-LM,coef(b)_Acu-Pd-MLP-LM,coef(a)_6am-MLP-LM,rsquared_6am-MLP-LM,Standard Error_6am-MLP-LM,coef(b)_6am-MLP-LM,coef(a)_Acu-6am-MLP-LM,rsquared_Acu-6am-MLP-LM,Standard Error_Acu-6am-MLP-LM,coef(b)_Acu-6am-MLP-LM
0,5.0,0.5811040666662889,0.3642127303898557,0.06951080769360597,0.02165649887746955,1.335336683145329,0.9790199209427062,0.017697774536292104,-0.3557281875655326,0.7557216250628613,0.4102804755999171,0.08202840417085745,0.01334391543717153,1.119857988489561,0.9754518913367342,0.016083817181242622,0.39723028972418384,0.001649272717525092,0.007513543421350133,0.001716138971793606,0.000249903515580206,0.1123490965129366,0.8681242688172822,0.003964433712216404,-0.05916720066033628,0.2740103709927457,0.23841161410685696,0.04433875623617722,0.025429682827387546,1.126965080580419,0.9843802647208848,0.012852450248691522,-0.2720811648646045,0.36016392353128296,0.23104993335086932,0.05948622920420067,0.0218331418688614,0.9698893013176945,0.9961315332225282,0.0039014643179917166,0.2650814380871879,0.538797265086873,0.3311962374340939,0.069318977431558,0.018609283473653704,1.1787024764303768,0.9785374690212576,0.01580432743534241,-0.2768828518575767
