,Pruebas,coef(a)_6am-MLP,rsquared_6am-MLP,Standard Error_6am-MLP,coef(b)_6am-MLP,coef(a)_Acu-6am-MLP,rsquared_Acu-6am-MLP,Standard Error_Acu-6am-MLP,coef(b)_Acu-6am-MLP,coef(a)_6am-Beysens,rsquared_6am-Beysens,Standard Error_6am-Beysens,coef(b)_6am-Beysens,coef(a)_Acu-6am-Beysens,rsquared_Acu-6am-Beysens,Standard Error_Acu-6am-Beysens,coef(b)_Acu-6am-Beysens,coef(a)_Beysens-PM,rsquared_Beysens-PM,Standard Error_Beysens-PM,coef(b)_Beysens-PM,coef(a)_Acu-Beysens-PM,rsquared_Acu-Beysens-PM,Standard Error_Acu-Beysens-PM,coef(b)_Acu-Beysens-PM,coef(a)_MLP-PM,rsquared_MLP-PM,Standard Error_MLP-PM,coef(b)_MLP-PM,coef(a)_Acu-MLP-PM,rsquared_Acu-MLP-PM,Standard Error_Acu-MLP-PM,coef(b)_Acu-MLP-PM,coef(a)_Pd-MLP-LM,rsquared_Pd-MLP-LM,Standard Error_Pd-MLP-LM,coef(b)_Pd-MLP-LM,coef(a)_Acu-Pd-MLP-LM,rsquared_Acu-Pd-MLP-LM,Standard Error_Acu-Pd-MLP-LM,coef(b)_Acu-Pd-MLP-LM,coef(a)_6am-MLP-LM,rsquared_6am-MLP-LM,Standard Error_6am-MLP-LM,coef(b)_6am-MLP-LM,coef(a)_Acu-6am-MLP-LM,rsquared_Acu-6am-MLP-LM,Standard Error_Acu-6am-MLP-LM,coef(b)_Acu-6am-MLP-LM
0,8.0,0.192795325116227,0.28812732515479866,0.027436300301987994,0.025394732522030086,0.9024047667864143,0.9856320177778962,0.009864201977519273,-0.039175504894602864,0.7751150912568072,0.5239788656156323,0.06688712198107595,0.012905457641024954,1.067270937499033,0.9895915424502322,0.009909687705223736,0.12175168882567032,2.9064358331693343e-05,1.3361605305073354e-05,0.0007198609298999012,0.0013986204186777615,0.0476849933960319,0.9043978304409677,0.0014036406259062006,-0.004504292221663996,0.11236622491862193,0.1290338558466263,0.026430457768034214,0.02449623112878476,0.8189435856440593,0.9763904358790765,0.011529389091055957,0.01055807926406118,0.1937781256059956,0.3030944498414402,0.026602521222953927,0.0235530345382646,1.1344581732695609,0.9887213435358776,0.00782122173512975,-0.11267232171369045,0.2558525419691476,0.3462181902378819,0.03183107643648967,0.021846436868688174,0.8494426194428091,0.9888251077135648,0.008175532709890417,-0.013032267506290413
