,Pruebas,coef(a)_6am-MLP,rsquared_6am-MLP,Standard Error_6am-MLP,coef(b)_6am-MLP,coef(a)_Acu-6am-MLP,rsquared_Acu-6am-MLP,Standard Error_Acu-6am-MLP,coef(b)_Acu-6am-MLP,coef(a)_6am-Beysens,rsquared_6am-Beysens,Standard Error_6am-Beysens,coef(b)_6am-Beysens,coef(a)_Acu-6am-Beysens,rsquared_Acu-6am-Beysens,Standard Error_Acu-6am-Beysens,coef(b)_Acu-6am-Beysens,coef(a)_Beysens-PM,rsquared_Beysens-PM,Standard Error_Beysens-PM,coef(b)_Beysens-PM,coef(a)_Acu-Beysens-PM,rsquared_Acu-Beysens-PM,Standard Error_Acu-Beysens-PM,coef(b)_Acu-Beysens-PM,coef(a)_MLP-PM,rsquared_MLP-PM,Standard Error_MLP-PM,coef(b)_MLP-PM,coef(a)_Acu-MLP-PM,rsquared_Acu-MLP-PM,Standard Error_Acu-MLP-PM,coef(b)_Acu-MLP-PM
0,1.0,0.4288851378376302,0.26624279757333724,0.06446119722754529,0.014186543636320595,1.0606276441689104,0.9647445629342049,0.018356501246738027,-0.5827305157044333,0.5260949185194681,0.21648547773895477,0.09061358911486042,0.01360188178816444,1.0344612658691892,0.960310120424122,0.019040066288263973,-0.27759902639323997,-0.0028497327351054585,0.01614979822227547,0.0020137481529762364,0.008788726166761046,0.07160905170781312,0.6191667789604508,0.005084539165219771,0.0806910072573224,0.285267991229993,0.21745460569729946,0.048994078428699045,0.015010293759331533,0.8691052207643131,0.9785660805823015,0.011645232386316656,-0.1940896706614563
