,Pruebas,coef(a)_6am-MLP,rsquared_6am-MLP,Standard Error_6am-MLP,coef(b)_6am-MLP,coef(a)_Acu-6am-MLP,rsquared_Acu-6am-MLP,Standard Error_Acu-6am-MLP,coef(b)_Acu-6am-MLP,coef(a)_6am-Beysens,rsquared_6am-Beysens,Standard Error_6am-Beysens,coef(b)_6am-Beysens,coef(a)_Acu-6am-Beysens,rsquared_Acu-6am-Beysens,Standard Error_Acu-6am-Beysens,coef(b)_Acu-6am-Beysens,coef(a)_Beysens-PM,rsquared_Beysens-PM,Standard Error_Beysens-PM,coef(b)_Beysens-PM,coef(a)_Acu-Beysens-PM,rsquared_Acu-Beysens-PM,Standard Error_Acu-Beysens-PM,coef(b)_Acu-Beysens-PM,coef(a)_MLP-PM,rsquared_MLP-PM,Standard Error_MLP-PM,coef(b)_MLP-PM,coef(a)_Acu-MLP-PM,rsquared_Acu-MLP-PM,Standard Error_Acu-MLP-PM,coef(b)_Acu-MLP-PM
0,1.0,0.4489710538556923,0.3276530820633715,0.058227477849671874,0.01748577964809919,1.0470814875336765,0.9945529593669007,0.007015633835819813,-0.03466363223689485,0.8295360272439841,0.47019236078850335,0.07972172011516905,0.015981382965708266,1.2759213662660942,0.9763415517848792,0.0179819272408543,0.22351250467155323,0.0015535918805951129,0.006657209901973604,0.0017181476175300349,0.0005720957913694189,0.09012542708830468,0.7600817465683327,0.004584256553413324,-0.008182204840975062,0.2820338954773197,0.17577860426377157,0.055291746663028746,0.02152139808571419,1.0183821536918092,0.9827156852110344,0.012227650141034871,-0.02734953248959647
