,Pruebas,coef(a)_6am-MLP,rsquared_6am-MLP,Standard Error_6am-MLP,coef(b)_6am-MLP,coef(a)_Acu-6am-MLP,rsquared_Acu-6am-MLP,Standard Error_Acu-6am-MLP,coef(b)_Acu-6am-MLP,coef(a)_6am-Beysens,rsquared_6am-Beysens,Standard Error_6am-Beysens,coef(b)_6am-Beysens,coef(a)_Acu-6am-Beysens,rsquared_Acu-6am-Beysens,Standard Error_Acu-6am-Beysens,coef(b)_Acu-6am-Beysens,coef(a)_Beysens-PM,rsquared_Beysens-PM,Standard Error_Beysens-PM,coef(b)_Beysens-PM,coef(a)_Acu-Beysens-PM,rsquared_Acu-Beysens-PM,Standard Error_Acu-Beysens-PM,coef(b)_Acu-Beysens-PM,coef(a)_MLP-PM,rsquared_MLP-PM,Standard Error_MLP-PM,coef(b)_MLP-PM,coef(a)_Acu-MLP-PM,rsquared_Acu-MLP-PM,Standard Error_Acu-MLP-PM,coef(b)_Acu-MLP-PM
0,1.0,0.350802119302548,0.06623170993493788,0.11925288667451124,0.032669978803457386,1.5395742197306872,0.9707573672863808,0.024192101831472804,0.4592555314324141,0.8818996844526963,0.4843262425139666,0.08238682882703285,0.020528981919883164,1.5786764922784595,0.9937673001557725,0.011319024028494102,0.3825129288301986,-0.0034612287847443335,0.015901723001158885,0.0024651737533457696,0.009046533141075518,0.11692012676859923,0.7797536155280289,0.005625809959588825,0.2554037687022169,0.5303393871637578,0.18666523376416821,0.10022519615173177,0.02457340809285926,1.233990561649896,0.9853221419892326,0.013635596596213788,0.4492535270702454
