,Pruebas,coef(a)_6am-MLP,rsquared_6am-MLP,Standard Error_6am-MLP,coef(b)_6am-MLP,coef(a)_Acu-6am-MLP,rsquared_Acu-6am-MLP,Standard Error_Acu-6am-MLP,coef(b)_Acu-6am-MLP,coef(a)_6am-Beysens,rsquared_6am-Beysens,Standard Error_6am-Beysens,coef(b)_6am-Beysens,coef(a)_Acu-6am-Beysens,rsquared_Acu-6am-Beysens,Standard Error_Acu-6am-Beysens,coef(b)_Acu-6am-Beysens,coef(a)_Beysens-PM,rsquared_Beysens-PM,Standard Error_Beysens-PM,coef(b)_Beysens-PM,coef(a)_Acu-Beysens-PM,rsquared_Acu-Beysens-PM,Standard Error_Acu-Beysens-PM,coef(b)_Acu-Beysens-PM,coef(a)_MLP-PM,rsquared_MLP-PM,Standard Error_MLP-PM,coef(b)_MLP-PM,coef(a)_Acu-MLP-PM,rsquared_Acu-MLP-PM,Standard Error_Acu-MLP-PM,coef(b)_Acu-MLP-PM
0,1.0,0.34603528115225185,0.15050647863366107,0.07442912694862158,0.019634182915795887,1.099799355754428,0.9748243272693986,0.016001507892802365,0.09746847727091842,0.5082981172194195,0.1557686790911833,0.10713447539441306,0.01997736192784373,1.1773955947396286,0.9631080764172408,0.020862705570089186,0.28040782487663607,0.0009707833310371081,0.0012549101609381497,0.002479495965603436,0.0023993422440716514,0.06718396445925934,0.44999016125062763,0.00672464608004879,0.11497384957600157,0.29603617727737747,0.05188206113047722,0.1145743460321113,0.020704457908176804,0.8932866689227499,0.9367636925972544,0.021012569427362196,0.5891814758420908
