,Pruebas,coef(a)_6am-MLP,rsquared_6am-MLP,Standard Error_6am-MLP,coef(b)_6am-MLP,coef(a)_Acu-6am-MLP,rsquared_Acu-6am-MLP,Standard Error_Acu-6am-MLP,coef(b)_Acu-6am-MLP,coef(a)_6am-Beysens,rsquared_6am-Beysens,Standard Error_6am-Beysens,coef(b)_6am-Beysens,coef(a)_Acu-6am-Beysens,rsquared_Acu-6am-Beysens,Standard Error_Acu-6am-Beysens,coef(b)_Acu-6am-Beysens,coef(a)_Beysens-PM,rsquared_Beysens-PM,Standard Error_Beysens-PM,coef(b)_Beysens-PM,coef(a)_Acu-Beysens-PM,rsquared_Acu-Beysens-PM,Standard Error_Acu-Beysens-PM,coef(b)_Acu-Beysens-PM,coef(a)_MLP-PM,rsquared_MLP-PM,Standard Error_MLP-PM,coef(b)_MLP-PM,coef(a)_Acu-MLP-PM,rsquared_Acu-MLP-PM,Standard Error_Acu-MLP-PM,coef(b)_Acu-MLP-PM
0,1.0,0.5419218798340755,0.2952052839200334,0.07580991409245305,0.021466825341117976,1.3446508578743508,0.9561958817194931,0.026056354530674383,-0.33059704169014,0.8124212081030869,0.40120307155239243,0.0898584646987945,0.0222404026537555,1.5820408448077634,0.9797116126809687,0.020611633529919123,-0.2226367477105931,-0.00048424063508397124,0.0010877513676185169,0.001328556918623145,0.003972244658784742,0.12870844348744087,0.9442292316658402,0.0028319900041215923,-0.05962264276364139,0.29961437654206124,0.3034166444888696,0.04110073184694671,0.022987286205140026,1.1416806338116343,0.9681007940767903,0.018762658201429964,-0.34178395822194657
