,Pruebas,coef(a)_6am-MLP,rsquared_6am-MLP,Standard Error_6am-MLP,coef(b)_6am-MLP,coef(a)_Acu-6am-MLP,rsquared_Acu-6am-MLP,Standard Error_Acu-6am-MLP,coef(b)_Acu-6am-MLP,coef(a)_6am-Beysens,rsquared_6am-Beysens,Standard Error_6am-Beysens,coef(b)_6am-Beysens,coef(a)_Acu-6am-Beysens,rsquared_Acu-6am-Beysens,Standard Error_Acu-6am-Beysens,coef(b)_Acu-6am-Beysens,coef(a)_Beysens-PM,rsquared_Beysens-PM,Standard Error_Beysens-PM,coef(b)_Beysens-PM,coef(a)_Acu-Beysens-PM,rsquared_Acu-Beysens-PM,Standard Error_Acu-Beysens-PM,coef(b)_Acu-Beysens-PM,coef(a)_MLP-PM,rsquared_MLP-PM,Standard Error_MLP-PM,coef(b)_MLP-PM,coef(a)_Acu-MLP-PM,rsquared_Acu-MLP-PM,Standard Error_Acu-MLP-PM,coef(b)_Acu-MLP-PM
0,1.0,0.3289172283439104,0.40763088955709825,0.03589792575383784,0.014521191143834513,0.6149159771914772,0.968221824962618,0.010085859232778585,0.5423466586609058,0.656725048907812,0.4339388414940121,0.06790802213242986,0.01353548697489732,0.8799042667155508,0.9747777834181095,0.012814283335002936,0.6425901393963684,0.0019958532438342246,0.014186786366855553,0.0015062740423270808,-0.0005679843797831061,0.05340945971326663,0.62549278375803,0.0037415987578490553,0.025103187483036055,0.35528078658487505,0.4440221254079949,0.03599301613077403,0.017142745023151485,0.7280258805901296,0.9777167692848585,0.009950604185385022,0.3398913701888109
