,Pruebas,coef(a)_6am-MLP,rsquared_6am-MLP,Standard Error_6am-MLP,coef(b)_6am-MLP,coef(a)_Acu-6am-MLP,rsquared_Acu-6am-MLP,Standard Error_Acu-6am-MLP,coef(b)_Acu-6am-MLP,coef(a)_6am-Beysens,rsquared_6am-Beysens,Standard Error_6am-Beysens,coef(b)_6am-Beysens,coef(a)_Acu-6am-Beysens,rsquared_Acu-6am-Beysens,Standard Error_Acu-6am-Beysens,coef(b)_Acu-6am-Beysens,coef(a)_Beysens-PM,rsquared_Beysens-PM,Standard Error_Beysens-PM,coef(b)_Beysens-PM,coef(a)_Acu-Beysens-PM,rsquared_Acu-Beysens-PM,Standard Error_Acu-Beysens-PM,coef(b)_Acu-Beysens-PM,coef(a)_MLP-PM,rsquared_MLP-PM,Standard Error_MLP-PM,coef(b)_MLP-PM,coef(a)_Acu-MLP-PM,rsquared_Acu-MLP-PM,Standard Error_Acu-MLP-PM,coef(b)_Acu-MLP-PM
0,1.0,0.24938763826392124,0.1271863085780891,0.059147389779243775,0.01735303173698528,0.8888631123533286,0.9881928989806589,0.008796415684808408,0.08271180986842647,0.8108855799751853,0.5650910468166908,0.06440500569519451,0.009631790362713928,1.113721466392612,0.9904257646541854,0.009913745365308063,0.19990211007978195,0.0007974181339793843,0.006407969806541791,0.0008989799662583565,0.00011790939496973259,0.0644625714317342,0.8306017231381272,0.0026356381829045106,-0.03592547751150356,0.33821970443956784,0.2969748215994896,0.04711341439219266,0.020520848740184346,1.1212531752495238,0.9870731674834551,0.011617031276636212,-0.05777311251649491
