,Pruebas,coef(a)_6am-MLP,rsquared_6am-MLP,Standard Error_6am-MLP,coef(b)_6am-MLP,coef(a)_Acu-6am-MLP,rsquared_Acu-6am-MLP,Standard Error_Acu-6am-MLP,coef(b)_Acu-6am-MLP,coef(a)_6am-Beysens,rsquared_6am-Beysens,Standard Error_6am-Beysens,coef(b)_6am-Beysens,coef(a)_Acu-6am-Beysens,rsquared_Acu-6am-Beysens,Standard Error_Acu-6am-Beysens,coef(b)_Acu-6am-Beysens,coef(a)_Beysens-PM,rsquared_Beysens-PM,Standard Error_Beysens-PM,coef(b)_Beysens-PM,coef(a)_Acu-Beysens-PM,rsquared_Acu-Beysens-PM,Standard Error_Acu-Beysens-PM,coef(b)_Acu-Beysens-PM,coef(a)_MLP-PM,rsquared_MLP-PM,Standard Error_MLP-PM,coef(b)_MLP-PM,coef(a)_Acu-MLP-PM,rsquared_Acu-MLP-PM,Standard Error_Acu-MLP-PM,coef(b)_Acu-MLP-PM
0,1.0,0.5411790761554444,0.2025375005998461,0.09722176920536435,0.016874880507465172,1.3838731041822263,0.9154015773364746,0.03808830606877608,0.5542063026896497,0.8784318055064029,0.4517778866928801,0.0876080323965037,0.008702844986988015,1.1061202383549928,0.9700682673069465,0.017590865302793898,0.48644591789257385,9.516790471919312e-05,0.00015886440423773518,0.0006835382047330623,0.0003660749760627391,0.03836769041978737,0.836893565294666,0.0015335084553007876,-0.014211375161255379,0.35997093260716223,0.15749649835300317,0.07537683122786376,0.019008703656220146,1.2666142710205623,0.9200248325354305,0.033809773907085734,0.40010403584540766
