,Pruebas,coef(a)_6am-MLP,rsquared_6am-MLP,Standard Error_6am-MLP,coef(b)_6am-MLP,coef(a)_Acu-6am-MLP,rsquared_Acu-6am-MLP,Standard Error_Acu-6am-MLP,coef(b)_Acu-6am-MLP,coef(a)_6am-Beysens,rsquared_6am-Beysens,Standard Error_6am-Beysens,coef(b)_6am-Beysens,coef(a)_Acu-6am-Beysens,rsquared_Acu-6am-Beysens,Standard Error_Acu-6am-Beysens,coef(b)_Acu-6am-Beysens,coef(a)_Beysens-PM,rsquared_Beysens-PM,Standard Error_Beysens-PM,coef(b)_Beysens-PM,coef(a)_Acu-Beysens-PM,rsquared_Acu-Beysens-PM,Standard Error_Acu-Beysens-PM,coef(b)_Acu-Beysens-PM,coef(a)_MLP-PM,rsquared_MLP-PM,Standard Error_MLP-PM,coef(b)_MLP-PM,coef(a)_Acu-MLP-PM,rsquared_Acu-MLP-PM,Standard Error_Acu-MLP-PM,coef(b)_Acu-MLP-PM
0,1.0,0.5180562172030913,0.1094407687029677,0.1337946578186725,0.02414979794021979,1.2816955830751389,0.9722484520677167,0.019604688585597666,0.04866542433969582,0.4605284337631156,0.19363429176146996,0.08508469054253996,0.019240629035939257,0.9198200994435527,0.988256609038116,0.00907788916791225,0.40873473286401496,0.0014430908333217137,0.007992970513912234,0.0014555161280319924,-0.00024350321548463906,0.05635163767830843,0.6754178830647126,0.0035367360007058047,-0.014454746891725746,0.5943610020787797,0.11255659178615107,0.15109681159764562,0.03471268285802625,1.746414049712544,0.9824340098135307,0.02114228503397699,0.37592871399576505
