,Pruebas,coef(a)_6am-MLP,rsquared_6am-MLP,Standard Error_6am-MLP,coef(b)_6am-MLP,coef(a)_Acu-6am-MLP,rsquared_Acu-6am-MLP,Standard Error_Acu-6am-MLP,coef(b)_Acu-6am-MLP,coef(a)_6am-Beysens,rsquared_6am-Beysens,Standard Error_6am-Beysens,coef(b)_6am-Beysens,coef(a)_Acu-6am-Beysens,rsquared_Acu-6am-Beysens,Standard Error_Acu-6am-Beysens,coef(b)_Acu-6am-Beysens,coef(a)_Beysens-PM,rsquared_Beysens-PM,Standard Error_Beysens-PM,coef(b)_Beysens-PM,coef(a)_Acu-Beysens-PM,rsquared_Acu-Beysens-PM,Standard Error_Acu-Beysens-PM,coef(b)_Acu-Beysens-PM,coef(a)_MLP-PM,rsquared_MLP-PM,Standard Error_MLP-PM,coef(b)_MLP-PM,coef(a)_Acu-MLP-PM,rsquared_Acu-MLP-PM,Standard Error_Acu-MLP-PM,coef(b)_Acu-MLP-PM
0,1.0,0.3880523563895152,0.3681431278522681,0.04602687039694948,0.02131695571483288,1.0206955337431058,0.9833726846526042,0.012016231742658317,0.03652917998416084,0.7586500479178551,0.48605349959969857,0.07062825781184467,0.013079985970219688,1.1669534868941924,0.991343413458778,0.009872676474519457,-0.0573129423042448,5.132790993115803e-05,8.100838073288319e-05,0.000516286890684237,0.0010211759294973509,0.04558724183471984,0.9571262297953947,0.0008735235750610864,-0.015081026681862621,0.31432554717799865,0.24978523738987968,0.04931842120814449,0.023541375495544893,1.095367020114608,0.9828566960041476,0.013097304054548934,-0.017268675079609414
