,Pruebas,coef(a)_6am-MLP,rsquared_6am-MLP,Standard Error_6am-MLP,coef(b)_6am-MLP,coef(a)_Acu-6am-MLP,rsquared_Acu-6am-MLP,Standard Error_Acu-6am-MLP,coef(b)_Acu-6am-MLP,coef(a)_6am-Beysens,rsquared_6am-Beysens,Standard Error_6am-Beysens,coef(b)_6am-Beysens,coef(a)_Acu-6am-Beysens,rsquared_Acu-6am-Beysens,Standard Error_Acu-6am-Beysens,coef(b)_Acu-6am-Beysens,coef(a)_Beysens-PM,rsquared_Beysens-PM,Standard Error_Beysens-PM,coef(b)_Beysens-PM,coef(a)_Acu-Beysens-PM,rsquared_Acu-Beysens-PM,Standard Error_Acu-Beysens-PM,coef(b)_Acu-Beysens-PM,coef(a)_MLP-PM,rsquared_MLP-PM,Standard Error_MLP-PM,coef(b)_MLP-PM,coef(a)_Acu-MLP-PM,rsquared_Acu-MLP-PM,Standard Error_Acu-MLP-PM,coef(b)_Acu-MLP-PM
0,1.0,0.4602346166926418,0.5071026535692795,0.04107992475825945,0.00994027160511031,0.7814702926847539,0.9935053415969675,0.005720389668822147,-0.03553785030293908,0.49264024756121966,0.3670664265639998,0.0585675030771983,0.006615461352342441,0.6659659355112677,0.9659589085118631,0.011318646916056399,0.3673368880176723,-0.00244615405065555,0.026507272398734738,0.0013421087996499464,0.007223522455294656,0.044584142142372815,0.6543693662652963,0.0029335610664803667,0.14822712080466677,0.3314947612532184,0.18310489979592592,0.06339133074703548,0.021329527916477534,0.972438627145684,0.9842290944935169,0.011144549157447442,0.3552390121101159
