,Pruebas,coef(a)_6am-MLP,rsquared_6am-MLP,Standard Error_6am-MLP,coef(b)_6am-MLP,coef(a)_Acu-6am-MLP,rsquared_Acu-6am-MLP,Standard Error_Acu-6am-MLP,coef(b)_Acu-6am-MLP,coef(a)_6am-Beysens,rsquared_6am-Beysens,Standard Error_6am-Beysens,coef(b)_6am-Beysens,coef(a)_Acu-6am-Beysens,rsquared_Acu-6am-Beysens,Standard Error_Acu-6am-Beysens,coef(b)_Acu-6am-Beysens,coef(a)_Beysens-PM,rsquared_Beysens-PM,Standard Error_Beysens-PM,coef(b)_Beysens-PM,coef(a)_Acu-Beysens-PM,rsquared_Acu-Beysens-PM,Standard Error_Acu-Beysens-PM,coef(b)_Acu-Beysens-PM,coef(a)_MLP-PM,rsquared_MLP-PM,Standard Error_MLP-PM,coef(b)_MLP-PM,coef(a)_Acu-MLP-PM,rsquared_Acu-MLP-PM,Standard Error_Acu-MLP-PM,coef(b)_Acu-MLP-PM,coef(a)_6a-MLP-LM,rsquared_6a-MLP-LM,Standard Error_6a-MLP-LM,coef(b)_6a-MLP-LM,coef(a)_Acu-6am-MLP-LM,rsquared_Acu-6am-MLP-LM,Standard Error_Acu-6am-MLP-LM,coef(b)_Acu-6am-MLP-LM,coef(a)_Pd-MLP-LM,rsquared_Pd-MLP-LM,Standard Error_Pd-MLP-LM,coef(b)_Pd-MLP-LM,coef(a)_Acu-Pd-MLP-LM,rsquared_Acu-Pd-MLP-LM,Standard Error_Acu-Pd-MLP-LM,coef(b)_Acu-Pd-MLP-LM
0,7.0,0.1777543369028326,0.1833537030293506,0.033963500938790886,0.03205904633809037,1.0410405854898612,0.9831233858355404,0.012348846505615798,0.27405465740735224,0.608190564507322,0.34631130474842,0.07565051968624144,0.014632201457048792,0.9945537320139783,0.9793551463234993,0.013073267141087898,-0.09904839748189848,-0.00013279258675449038,9.4168768487779e-05,0.0012388536954819301,0.002855363896253039,0.10415394896978583,0.8950867166885214,0.0032283343618655295,-0.006525429265482736,0.23381410283414017,0.24923292827915866,0.03674012975772323,0.025014612719876202,0.9777275478030298,0.9877416332793679,0.009861263423434437,0.1840795881331326,-2.1032354340123904e-06,0.007944214424052576,2.1279211484613844e-06,0.029667634185819934,1.1717074259038645,0.9978350262651196,0.0035229826561837528,0.0005355086666224418,0.4483201998051488,0.3462708750357053,0.05576983245408919,0.02609833933616711,1.1521737313391518,0.9898043804777519,0.010586933322506181,0.19502837352797614
